name,iterations,real_time,cpu_time,time_unit,bytes_per_second,items_per_second,label,error_occurred,error_message
"Par System solve (#platforms, #leg parts, #threads, block size)/4/2/4/7/process_time/real_time",5695,0.000124111,0.000471103,s,,64458.7,,,
"Par System solve (#platforms, #leg parts, #threads, block size)/8/2/4/7/process_time/real_time",3570,0.000201117,0.000801098,s,,79555.6,,,
"Par System solve (#platforms, #leg parts, #threads, block size)/16/2/4/7/process_time/real_time",1971,0.000353584,0.00145038,s,,90501.7,,,
"Par System solve (#platforms, #leg parts, #threads, block size)/24/2/4/7/process_time/real_time",1370,0.000514085,0.00212782,s,,93369.8,,,
"Par System solve (#platforms, #leg parts, #threads, block size)/48/2/4/7/process_time/real_time",706,0.000982299,0.00408834,s,,97729.9,,,
"Par System solve (#platforms, #leg parts, #threads, block size)/4/4/4/7/process_time/real_time",1449,0.000484253,0.00167618,s,,33040.6,,,
"Par System solve (#platforms, #leg parts, #threads, block size)/8/4/4/7/process_time/real_time",835,0.000829657,0.00311372,s,,38570.1,,,
"Par System solve (#platforms, #leg parts, #threads, block size)/16/4/4/7/process_time/real_time",470,0.00149902,0.00592706,s,,42694.5,,,
"Par System solve (#platforms, #leg parts, #threads, block size)/24/4/4/7/process_time/real_time",318,0.00216859,0.00870227,s,,44268.4,,,
"Par System solve (#platforms, #leg parts, #threads, block size)/48/4/4/7/process_time/real_time",165,0.00426404,0.0173406,s,,45027.8,,,
"Par System solve (#platforms, #leg parts, #threads, block size)/4/8/4/7/process_time/real_time",311,0.00229507,0.00737383,s,,13942.9,,,
"Par System solve (#platforms, #leg parts, #threads, block size)/8/8/4/7/process_time/real_time",174,0.00387975,0.0143526,s,,16495.9,,,
"Par System solve (#platforms, #leg parts, #threads, block size)/16/8/4/7/process_time/real_time",97,0.00718004,0.0279637,s,,17827.2,,,
"Par System solve (#platforms, #leg parts, #threads, block size)/24/8/4/7/process_time/real_time",66,0.0104985,0.0417667,s,,18288.3,,,
"Par System solve (#platforms, #leg parts, #threads, block size)/48/8/4/7/process_time/real_time",34,0.0204587,0.0832673,s,,18769.6,,,
"Par System solve (#platforms, #leg parts, #threads, block size)/4/16/4/7/process_time/real_time",72,0.0108311,0.0350666,s,,5908.91,,,
"Par System solve (#platforms, #leg parts, #threads, block size)/8/16/4/7/process_time/real_time",32,0.0205434,0.0697807,s,,6230.72,,,
"Par System solve (#platforms, #leg parts, #threads, block size)/16/16/4/7/process_time/real_time",19,0.0366828,0.137663,s,,6978.75,,,
"Par System solve (#platforms, #leg parts, #threads, block size)/24/16/4/7/process_time/real_time",13,0.0541066,0.204695,s,,7097.1,,,
"Par System solve (#platforms, #leg parts, #threads, block size)/48/16/4/7/process_time/real_time",7,0.102933,0.414444,s,,7461.14,,,
"Par System solve (#platforms, #leg parts, #threads, block size)/4/32/4/7/process_time/real_time",11,0.0608319,0.233736,s,,2104.16,,,
"Par System solve (#platforms, #leg parts, #threads, block size)/8/32/4/7/process_time/real_time",6,0.119244,0.46072,s,,2146.85,,,
"Par System solve (#platforms, #leg parts, #threads, block size)/16/32/4/7/process_time/real_time",3,0.237932,0.922497,s,,2151.88,,,
"Par System solve (#platforms, #leg parts, #threads, block size)/24/32/4/7/process_time/real_time",2,0.337723,1.38654,s,,2274.05,,,
"Par System solve (#platforms, #leg parts, #threads, block size)/48/32/4/7/process_time/real_time",1,0.695927,2.716,s,,2207.13,,,
"Par System solve (#platforms, #leg parts, #threads, block size)/4/64/4/7/process_time/real_time",2,0.405297,1.64343,s,,631.636,,,
"Par System solve (#platforms, #leg parts, #threads, block size)/8/64/4/7/process_time/real_time",1,0.798537,3.26523,s,,641.173,,,
"Par System solve (#platforms, #leg parts, #threads, block size)/16/64/4/7/process_time/real_time",1,1.59976,6.42596,s,,640.096,,,
"Par System solve (#platforms, #leg parts, #threads, block size)/24/64/4/7/process_time/real_time",1,2.33175,9.52128,s,,658.732,,,
"Par System solve (#platforms, #leg parts, #threads, block size)/48/64/4/7/process_time/real_time",1,4.70442,19.0915,s,,653.003,,,
"Par System solve (#platforms, #leg parts, #threads, block size)/4/128/4/7/process_time/real_time",1,3.12852,12.7811,s,,163.656,,,
"Par System solve (#platforms, #leg parts, #threads, block size)/8/128/4/7/process_time/real_time",1,6.09787,25.0059,s,,167.928,,,
"Par System solve (#platforms, #leg parts, #threads, block size)/16/128/4/7/process_time/real_time",1,12.7947,52.91,s,,160.067,,,
"Par System solve (#platforms, #leg parts, #threads, block size)/24/128/4/7/process_time/real_time",1,18.5809,76.7427,s,,165.331,,,
"Par System solve (#platforms, #leg parts, #threads, block size)/48/128/4/7/process_time/real_time",1,36.8395,152.512,s,,166.778,,,
"Par System solve (#platforms, #leg parts, #threads, block size)/4/2/8/7/process_time/real_time",5426,0.000132994,0.000877594,s,,60153.3,,,
"Par System solve (#platforms, #leg parts, #threads, block size)/8/2/8/7/process_time/real_time",3237,0.000213748,0.00134002,s,,74854.4,,,
"Par System solve (#platforms, #leg parts, #threads, block size)/16/2/8/7/process_time/real_time",2458,0.00028293,0.00202627,s,,113102,,,
"Par System solve (#platforms, #leg parts, #threads, block size)/24/2/8/7/process_time/real_time",1918,0.000368662,0.00273038,s,,130200,,,
"Par System solve (#platforms, #leg parts, #threads, block size)/48/2/8/7/process_time/real_time",1156,0.000603463,0.00474929,s,,159082,,,
"Par System solve (#platforms, #leg parts, #threads, block size)/4/4/8/7/process_time/real_time",1912,0.000366651,0.00193255,s,,43638.2,,,
"Par System solve (#platforms, #leg parts, #threads, block size)/8/4/8/7/process_time/real_time",1054,0.000661887,0.00361619,s,,48346.7,,,
"Par System solve (#platforms, #leg parts, #threads, block size)/16/4/8/7/process_time/real_time",716,0.000976335,0.00632494,s,,65551.2,,,
"Par System solve (#platforms, #leg parts, #threads, block size)/24/4/8/7/process_time/real_time",544,0.00129076,0.00892649,s,,74374.9,,,
"Par System solve (#platforms, #leg parts, #threads, block size)/48/4/8/7/process_time/real_time",315,0.00221942,0.0166499,s,,86509.2,,,
"Par System solve (#platforms, #leg parts, #threads, block size)/4/8/8/7/process_time/real_time",470,0.00153583,0.00718597,s,,20835.6,,,
"Par System solve (#platforms, #leg parts, #threads, block size)/8/8/8/7/process_time/real_time",247,0.00277847,0.0145385,s,,23034.2,,,
"Par System solve (#platforms, #leg parts, #threads, block size)/16/8/8/7/process_time/real_time",162,0.00427391,0.0267722,s,,29949.1,,,
"Par System solve (#platforms, #leg parts, #threads, block size)/24/8/8/7/process_time/real_time",126,0.0058027,0.0392946,s,,33088,,,
"Par System solve (#platforms, #leg parts, #threads, block size)/48/8/8/7/process_time/real_time",68,0.0102506,0.075549,s,,37461.1,,,
"Par System solve (#platforms, #leg parts, #threads, block size)/4/16/8/7/process_time/real_time",87,0.00799606,0.0357596,s,,8003.94,,,
"Par System solve (#platforms, #leg parts, #threads, block size)/8/16/8/7/process_time/real_time",48,0.0139041,0.0717086,s,,9205.9,,,
"Par System solve (#platforms, #leg parts, #threads, block size)/16/16/8/7/process_time/real_time",30,0.024074,0.140744,s,,10633.9,,,
"Par System solve (#platforms, #leg parts, #threads, block size)/24/16/8/7/process_time/real_time",21,0.032668,0.209398,s,,11754.6,,,
"Par System solve (#platforms, #leg parts, #threads, block size)/48/16/8/7/process_time/real_time",12,0.0827614,0.562584,s,,9279.69,,,
"Par System solve (#platforms, #leg parts, #threads, block size)/4/32/8/7/process_time/real_time",5,0.153096,0.482463,s,,836.077,,,
"Par System solve (#platforms, #leg parts, #threads, block size)/8/32/8/7/process_time/real_time",3,0.214531,1.14509,s,,1193.3,,,
"Par System solve (#platforms, #leg parts, #threads, block size)/16/32/8/7/process_time/real_time",2,0.40921,2.2151,s,,1251.19,,,
"Par System solve (#platforms, #leg parts, #threads, block size)/24/32/8/7/process_time/real_time",1,0.531819,3.47499,s,,1444.1,,,
"Par System solve (#platforms, #leg parts, #threads, block size)/48/32/8/7/process_time/real_time",1,0.860983,6.68245,s,,1784.01,,,
"Par System solve (#platforms, #leg parts, #threads, block size)/4/64/8/7/process_time/real_time",1,1.09394,4.1997,s,,234.017,,,
"Par System solve (#platforms, #leg parts, #threads, block size)/8/64/8/7/process_time/real_time",1,2.00567,7.96972,s,,255.277,,,
"Par System solve (#platforms, #leg parts, #threads, block size)/16/64/8/7/process_time/real_time",1,2.64482,16.1492,s,,387.172,,,
"Par System solve (#platforms, #leg parts, #threads, block size)/24/64/8/7/process_time/real_time",1,4.36291,27.4549,s,,352.058,,,
"Par System solve (#platforms, #leg parts, #threads, block size)/48/64/8/7/process_time/real_time",1,6.63628,53.3523,s,,462.91,,,
"Par System solve (#platforms, #leg parts, #threads, block size)/4/128/8/7/process_time/real_time",1,7.8599,31.9375,s,,65.1408,,,
"Par System solve (#platforms, #leg parts, #threads, block size)/8/128/8/7/process_time/real_time",1,10.4364,73.6292,s,,98.1182,,,
"Par System solve (#platforms, #leg parts, #threads, block size)/16/128/8/7/process_time/real_time",1,10.6698,86.7204,s,,191.944,,,
"Par System solve (#platforms, #leg parts, #threads, block size)/24/128/8/7/process_time/real_time",1,16.4958,92.8151,s,,186.23,,,
"Par System solve (#platforms, #leg parts, #threads, block size)/48/128/8/7/process_time/real_time",1,22.4922,185.915,s,,273.161,,,
"Par System solve (#platforms, #leg parts, #threads, block size)/4/2/16/7/process_time/real_time",3580,0.000196081,0.00170607,s,,40799.4,,,
"Par System solve (#platforms, #leg parts, #threads, block size)/8/2/16/7/process_time/real_time",2742,0.000256529,0.00223989,s,,62371,,,
"Par System solve (#platforms, #leg parts, #threads, block size)/16/2/16/7/process_time/real_time",2099,0.000331386,0.00320461,s,,96564.1,,,
"Par System solve (#platforms, #leg parts, #threads, block size)/24/2/16/7/process_time/real_time",1778,0.000393315,0.00420787,s,,122040,,,
"Par System solve (#platforms, #leg parts, #threads, block size)/48/2/16/7/process_time/real_time",1287,0.000533929,0.00683261,s,,179799,,,
"Par System solve (#platforms, #leg parts, #threads, block size)/4/4/16/7/process_time/real_time",1684,0.000417595,0.00295353,s,,38314.6,,,
"Par System solve (#platforms, #leg parts, #threads, block size)/8/4/16/7/process_time/real_time",1288,0.000555888,0.0047787,s,,57565.6,,,
"Par System solve (#platforms, #leg parts, #threads, block size)/16/4/16/7/process_time/real_time",796,0.000873975,0.00839214,s,,73228.6,,,
"Par System solve (#platforms, #leg parts, #threads, block size)/24/4/16/7/process_time/real_time",603,0.00117811,0.0119849,s,,81486.7,,,
"Par System solve (#platforms, #leg parts, #threads, block size)/48/4/16/7/process_time/real_time",404,0.0017235,0.0218719,s,,111401,,,
"Par System solve (#platforms, #leg parts, #threads, block size)/4/8/16/7/process_time/real_time",465,0.00152668,0.00871176,s,,20960.5,,,
"Par System solve (#platforms, #leg parts, #threads, block size)/8/8/16/7/process_time/real_time",328,0.00213505,0.0172558,s,,29975.9,,,
"Par System solve (#platforms, #leg parts, #threads, block size)/16/8/16/7/process_time/real_time",194,0.00364987,0.0343654,s,,35069.8,,,
"Par System solve (#platforms, #leg parts, #threads, block size)/24/8/16/7/process_time/real_time",132,0.00503132,0.0500763,s,,38161,,,
"Par System solve (#platforms, #leg parts, #threads, block size)/48/8/16/7/process_time/real_time",93,0.00743799,0.0938929,s,,51626.8,,,
"Par System solve (#platforms, #leg parts, #threads, block size)/4/16/16/7/process_time/real_time",94,0.00764014,0.0401214,s,,8376.81,,,
"Par System solve (#platforms, #leg parts, #threads, block size)/8/16/16/7/process_time/real_time",66,0.0105532,0.0835664,s,,12129,,,
"Par System solve (#platforms, #leg parts, #threads, block size)/16/16/16/7/process_time/real_time",40,0.0186743,0.167801,s,,13708.7,,,
"Par System solve (#platforms, #leg parts, #threads, block size)/24/16/16/7/process_time/real_time",27,0.0265511,0.250805,s,,14462.7,,,
"Par System solve (#platforms, #leg parts, #threads, block size)/48/16/16/7/process_time/real_time",17,0.0402928,0.506834,s,,19060.5,,,
"Par System solve (#platforms, #leg parts, #threads, block size)/4/32/16/7/process_time/real_time",14,0.0496532,0.239544,s,,2577.88,,,
"Par System solve (#platforms, #leg parts, #threads, block size)/8/32/16/7/process_time/real_time",10,0.0639673,0.510969,s,,4002.04,,,
"Par System solve (#platforms, #leg parts, #threads, block size)/16/32/16/7/process_time/real_time",6,0.118568,1.11758,s,,4318.18,,,
"Par System solve (#platforms, #leg parts, #threads, block size)/24/32/16/7/process_time/real_time",4,0.156129,1.65156,s,,4919.01,,,
"Par System solve (#platforms, #leg parts, #threads, block size)/48/32/16/7/process_time/real_time",2,0.274043,3.34305,s,,5604.96,,,
"Par System solve (#platforms, #leg parts, #threads, block size)/4/64/16/7/process_time/real_time",2,0.366507,1.69166,s,,698.486,,,
"Par System solve (#platforms, #leg parts, #threads, block size)/8/64/16/7/process_time/real_time",2,0.439474,3.6169,s,,1165.03,,,
"Par System solve (#platforms, #leg parts, #threads, block size)/16/64/16/7/process_time/real_time",1,0.830504,7.52717,s,,1232.99,,,
"Par System solve (#platforms, #leg parts, #threads, block size)/24/64/16/7/process_time/real_time",1,1.05833,13.5194,s,,1451.34,,,
"Par System solve (#platforms, #leg parts, #threads, block size)/48/64/16/7/process_time/real_time",1,2.34692,27.3654,s,,1308.95,,,
"Par System solve (#platforms, #leg parts, #threads, block size)/4/128/16/7/process_time/real_time",1,2.9266,12.9969,s,,174.947,,,
"Par System solve (#platforms, #leg parts, #threads, block size)/8/128/16/7/process_time/real_time",1,3.80127,32.0282,s,,269.384,,,
"Par System solve (#platforms, #leg parts, #threads, block size)/16/128/16/7/process_time/real_time",1,9.20873,138.073,s,,222.398,,,
"Par System solve (#platforms, #leg parts, #threads, block size)/24/128/16/7/process_time/real_time",1,12.7324,166.064,s,,241.273,,,
"Par System solve (#platforms, #leg parts, #threads, block size)/48/128/16/7/process_time/real_time",1,26.9423,368.37,s,,228.043,,,
"Par System solve (#platforms, #leg parts, #threads, block size)/4/2/24/7/process_time/real_time",3737,0.000183426,0.0025034,s,,43614.4,,,
"Par System solve (#platforms, #leg parts, #threads, block size)/8/2/24/7/process_time/real_time",2645,0.000267579,0.00342313,s,,59795.3,,,
"Par System solve (#platforms, #leg parts, #threads, block size)/16/2/24/7/process_time/real_time",2236,0.000315055,0.00435235,s,,101570,,,
"Par System solve (#platforms, #leg parts, #threads, block size)/24/2/24/7/process_time/real_time",1795,0.000417683,0.00597083,s,,114920,,,
"Par System solve (#platforms, #leg parts, #threads, block size)/48/2/24/7/process_time/real_time",1197,0.000540325,0.00928567,s,,177671,,,
"Par System solve (#platforms, #leg parts, #threads, block size)/4/4/24/7/process_time/real_time",1628,0.000427517,0.00407987,s,,37425.4,,,
"Par System solve (#platforms, #leg parts, #threads, block size)/8/4/24/7/process_time/real_time",1239,0.000558219,0.00610237,s,,57325.1,,,
"Par System solve (#platforms, #leg parts, #threads, block size)/16/4/24/7/process_time/real_time",904,0.00078757,0.0105474,s,,81262.6,,,
"Par System solve (#platforms, #leg parts, #threads, block size)/24/4/24/7/process_time/real_time",652,0.00104427,0.0148418,s,,91930,,,
"Par System solve (#platforms, #leg parts, #threads, block size)/48/4/24/7/process_time/real_time",422,0.00162619,0.0277593,s,,118067,,,
"Par System solve (#platforms, #leg parts, #threads, block size)/4/8/24/7/process_time/real_time",470,0.00148766,0.010472,s,,21510.3,,,
"Par System solve (#platforms, #leg parts, #threads, block size)/8/8/24/7/process_time/real_time",343,0.00204554,0.0200196,s,,31287.6,,,
"Par System solve (#platforms, #leg parts, #threads, block size)/16/8/24/7/process_time/real_time",221,0.00317058,0.0403526,s,,40371.2,,,
"Par System solve (#platforms, #leg parts, #threads, block size)/24/8/24/7/process_time/real_time",163,0.0042457,0.0601235,s,,45222.2,,,
"Par System solve (#platforms, #leg parts, #threads, block size)/48/8/24/7/process_time/real_time",101,0.00670158,0.117208,s,,57300,,,
"Par System solve (#platforms, #leg parts, #threads, block size)/4/16/24/7/process_time/real_time",93,0.00764108,0.0448014,s,,8375.78,,,
"Par System solve (#platforms, #leg parts, #threads, block size)/8/16/24/7/process_time/real_time",64,0.0103317,0.0926482,s,,12389,,,
"Par System solve (#platforms, #leg parts, #threads, block size)/16/16/24/7/process_time/real_time",46,0.0159037,0.200424,s,,16096.9,,,
"Par System solve (#platforms, #leg parts, #threads, block size)/24/16/24/7/process_time/real_time",32,0.023336,0.300684,s,,16455.3,,,
"Par System solve (#platforms, #leg parts, #threads, block size)/48/16/24/7/process_time/real_time",19,0.0371715,0.640565,s,,20661,,,
"Par System solve (#platforms, #leg parts, #threads, block size)/4/32/24/7/process_time/real_time",10,0.0513626,0.255993,s,,2492.08,,,
"Par System solve (#platforms, #leg parts, #threads, block size)/8/32/24/7/process_time/real_time",11,0.0622781,0.543509,s,,4110.59,,,
"Par System solve (#platforms, #leg parts, #threads, block size)/16/32/24/7/process_time/real_time",6,0.0928385,1.27715,s,,5514.95,,,
"Par System solve (#platforms, #leg parts, #threads, block size)/24/32/24/7/process_time/real_time",5,0.161566,1.929,s,,4753.48,,,
"Par System solve (#platforms, #leg parts, #threads, block size)/48/32/24/7/process_time/real_time",3,0.241392,4.29261,s,,6363.1,,,
"Par System solve (#platforms, #leg parts, #threads, block size)/4/64/24/7/process_time/real_time",2,0.362975,1.73341,s,,705.283,,,
"Par System solve (#platforms, #leg parts, #threads, block size)/8/64/24/7/process_time/real_time",2,0.425293,3.82199,s,,1203.87,,,
"Par System solve (#platforms, #leg parts, #threads, block size)/16/64/24/7/process_time/real_time",1,0.599281,10.038,s,,1708.72,,,
"Par System solve (#platforms, #leg parts, #threads, block size)/24/64/24/7/process_time/real_time",1,1.27385,23.7042,s,,1205.8,,,
"Par System solve (#platforms, #leg parts, #threads, block size)/48/64/24/7/process_time/real_time",1,2.30542,48.5815,s,,1332.51,,,
"Par System solve (#platforms, #leg parts, #threads, block size)/4/128/24/7/process_time/real_time",1,2.95935,13.4782,s,,173.011,,,
"Par System solve (#platforms, #leg parts, #threads, block size)/8/128/24/7/process_time/real_time",1,3.90924,33.6969,s,,261.944,,,
"Par System solve (#platforms, #leg parts, #threads, block size)/16/128/24/7/process_time/real_time",1,8.80224,142.455,s,,232.668,,,
"Par System solve (#platforms, #leg parts, #threads, block size)/24/128/24/7/process_time/real_time",1,15.9391,266.589,s,,192.734,,,
"Par System solve (#platforms, #leg parts, #threads, block size)/48/128/24/7/process_time/real_time",1,27.6408,533.784,s,,222.28,,,
"Par System solve (#platforms, #leg parts, #threads, block size)/4/2/4/14/process_time/real_time",5559,0.000122597,0.000495762,s,,65254.3,,,
"Par System solve (#platforms, #leg parts, #threads, block size)/8/2/4/14/process_time/real_time",3657,0.000191166,0.000810747,s,,83697,,,
"Par System solve (#platforms, #leg parts, #threads, block size)/16/2/4/14/process_time/real_time",2075,0.000340585,0.00148565,s,,93955.9,,,
"Par System solve (#platforms, #leg parts, #threads, block size)/24/2/4/14/process_time/real_time",1438,0.000493808,0.00216901,s,,97203.7,,,
"Par System solve (#platforms, #leg parts, #threads, block size)/48/2/4/14/process_time/real_time",752,0.000968936,0.00410286,s,,99077.8,,,
"Par System solve (#platforms, #leg parts, #threads, block size)/4/4/4/14/process_time/real_time",1607,0.000441667,0.00152816,s,,36226.4,,,
"Par System solve (#platforms, #leg parts, #threads, block size)/8/4/4/14/process_time/real_time",970,0.000729606,0.00279702,s,,43859.3,,,
"Par System solve (#platforms, #leg parts, #threads, block size)/16/4/4/14/process_time/real_time",521,0.00131572,0.00528539,s,,48642.6,,,
"Par System solve (#platforms, #leg parts, #threads, block size)/24/4/4/14/process_time/real_time",360,0.00192663,0.00784387,s,,49827.9,,,
"Par System solve (#platforms, #leg parts, #threads, block size)/48/4/4/14/process_time/real_time",190,0.00383328,0.0157595,s,,50087.7,,,
"Par System solve (#platforms, #leg parts, #threads, block size)/4/8/4/14/process_time/real_time",388,0.00191964,0.00633278,s,,16669.8,,,
"Par System solve (#platforms, #leg parts, #threads, block size)/8/8/4/14/process_time/real_time",212,0.00327137,0.0121692,s,,19563.7,,,
"Par System solve (#platforms, #leg parts, #threads, block size)/16/8/4/14/process_time/real_time",113,0.00603663,0.0238462,s,,21203.9,,,
"Par System solve (#platforms, #leg parts, #threads, block size)/24/8/4/14/process_time/real_time",78,0.00874738,0.0354966,s,,21949.4,,,
"Par System solve (#platforms, #leg parts, #threads, block size)/48/8/4/14/process_time/real_time",41,0.0173975,0.0710291,s,,22072.1,,,
"Par System solve (#platforms, #leg parts, #threads, block size)/4/16/4/14/process_time/real_time",71,0.00983048,0.033264,s,,6510.36,,,
"Par System solve (#platforms, #leg parts, #threads, block size)/8/16/4/14/process_time/real_time",39,0.0185095,0.0660349,s,,6915.37,,,
"Par System solve (#platforms, #leg parts, #threads, block size)/16/16/4/14/process_time/real_time",20,0.0339002,0.132666,s,,7551.58,,,
"Par System solve (#platforms, #leg parts, #threads, block size)/24/16/4/14/process_time/real_time",14,0.0485933,0.198042,s,,7902.33,,,
"Par System solve (#platforms, #leg parts, #threads, block size)/48/16/4/14/process_time/real_time",7,0.0969376,0.390759,s,,7922.62,,,
"Par System solve (#platforms, #leg parts, #threads, block size)/4/32/4/14/process_time/real_time",12,0.0548042,0.219881,s,,2335.59,,,
"Par System solve (#platforms, #leg parts, #threads, block size)/8/32/4/14/process_time/real_time",7,0.118804,0.437851,s,,2154.81,,,
"Par System solve (#platforms, #leg parts, #threads, block size)/16/32/4/14/process_time/real_time",3,0.234876,0.917947,s,,2179.87,,,
"Par System solve (#platforms, #leg parts, #threads, block size)/24/32/4/14/process_time/real_time",2,0.329452,1.33031,s,,2331.14,,,
"Par System solve (#platforms, #leg parts, #threads, block size)/48/32/4/14/process_time/real_time",1,0.623592,2.58285,s,,2463.15,,,
"Par System solve (#platforms, #leg parts, #threads, block size)/4/64/4/14/process_time/real_time",2,0.390954,1.57212,s,,654.808,,,
"Par System solve (#platforms, #leg parts, #threads, block size)/8/64/4/14/process_time/real_time",1,0.821951,3.1725,s,,622.908,,,
"Par System solve (#platforms, #leg parts, #threads, block size)/16/64/4/14/process_time/real_time",1,1.63919,6.38195,s,,624.699,,,
"Par System solve (#platforms, #leg parts, #threads, block size)/24/64/4/14/process_time/real_time",1,2.45686,9.73333,s,,625.188,,,
"Par System solve (#platforms, #leg parts, #threads, block size)/48/64/4/14/process_time/real_time",1,4.77901,18.5946,s,,642.81,,,
"Par System solve (#platforms, #leg parts, #threads, block size)/4/128/4/14/process_time/real_time",1,3.11388,12.6462,s,,164.425,,,
"Par System solve (#platforms, #leg parts, #threads, block size)/8/128/4/14/process_time/real_time",1,8.12632,24.3452,s,,126.01,,,
"Par System solve (#platforms, #leg parts, #threads, block size)/16/128/4/14/process_time/real_time",1,12.5317,51.0507,s,,163.425,,,
"Par System solve (#platforms, #leg parts, #threads, block size)/24/128/4/14/process_time/real_time",1,20.4368,74.5717,s,,150.317,,,
"Par System solve (#platforms, #leg parts, #threads, block size)/48/128/4/14/process_time/real_time",1,36.5701,152.415,s,,168.006,,,
"Par System solve (#platforms, #leg parts, #threads, block size)/4/2/8/14/process_time/real_time",4865,0.000134346,0.000843284,s,,59547.8,,,
"Par System solve (#platforms, #leg parts, #threads, block size)/8/2/8/14/process_time/real_time",3298,0.000213644,0.00129437,s,,74890.8,,,
"Par System solve (#platforms, #leg parts, #threads, block size)/16/2/8/14/process_time/real_time",2485,0.000287476,0.00202166,s,,111314,,,
"Par System solve (#platforms, #leg parts, #threads, block size)/24/2/8/14/process_time/real_time",1889,0.000373997,0.00271388,s,,128343,,,
"Par System solve (#platforms, #leg parts, #threads, block size)/48/2/8/14/process_time/real_time",1148,0.000614432,0.00473278,s,,156242,,,
"Par System solve (#platforms, #leg parts, #threads, block size)/4/4/8/14/process_time/real_time",1886,0.000382795,0.00191556,s,,41797.9,,,
"Par System solve (#platforms, #leg parts, #threads, block size)/8/4/8/14/process_time/real_time",1060,0.000664656,0.00349467,s,,48145.2,,,
"Par System solve (#platforms, #leg parts, #threads, block size)/16/4/8/14/process_time/real_time",707,0.000980851,0.00617358,s,,65249.5,,,
"Par System solve (#platforms, #leg parts, #threads, block size)/24/4/8/14/process_time/real_time",530,0.00131634,0.00874815,s,,72929.8,,,
"Par System solve (#platforms, #leg parts, #threads, block size)/48/4/8/14/process_time/real_time",309,0.00227868,0.0164942,s,,84259.3,,,
"Par System solve (#platforms, #leg parts, #threads, block size)/4/8/8/14/process_time/real_time",458,0.00147868,0.00690966,s,,21641,,,
"Par System solve (#platforms, #leg parts, #threads, block size)/8/8/8/14/process_time/real_time",254,0.0027303,0.0142829,s,,23440.6,,,
"Par System solve (#platforms, #leg parts, #threads, block size)/16/8/8/14/process_time/real_time",162,0.00430843,0.0269449,s,,29709.2,,,
"Par System solve (#platforms, #leg parts, #threads, block size)/24/8/8/14/process_time/real_time",120,0.0057389,0.0385891,s,,33455.9,,,
"Par System solve (#platforms, #leg parts, #threads, block size)/48/8/8/14/process_time/real_time",71,0.0101027,0.0754807,s,,38009.7,,,
"Par System solve (#platforms, #leg parts, #threads, block size)/4/16/8/14/process_time/real_time",88,0.00772072,0.0353957,s,,8289.38,,,
"Par System solve (#platforms, #leg parts, #threads, block size)/8/16/8/14/process_time/real_time",49,0.0140288,0.0720166,s,,9124.12,,,
"Par System solve (#platforms, #leg parts, #threads, block size)/16/16/8/14/process_time/real_time",30,0.0226224,0.140533,s,,11316.2,,,
"Par System solve (#platforms, #leg parts, #threads, block size)/24/16/8/14/process_time/real_time",22,0.032067,0.209812,s,,11974.9,,,
"Par System solve (#platforms, #leg parts, #threads, block size)/48/16/8/14/process_time/real_time",13,0.0558301,0.422371,s,,13756,,,
"Par System solve (#platforms, #leg parts, #threads, block size)/4/32/8/14/process_time/real_time",14,0.0492365,0.224462,s,,2599.7,,,
"Par System solve (#platforms, #leg parts, #threads, block size)/8/32/8/14/process_time/real_time",12,0.0880582,0.455668,s,,2907.17,,,
"Par System solve (#platforms, #leg parts, #threads, block size)/16/32/8/14/process_time/real_time",5,0.150244,0.931741,s,,3407.79,,,
"Par System solve (#platforms, #leg parts, #threads, block size)/24/32/8/14/process_time/real_time",3,0.207036,1.4124,s,,3709.5,,,
"Par System solve (#platforms, #leg parts, #threads, block size)/48/32/8/14/process_time/real_time",2,0.36408,2.89436,s,,4218.85,,,
"Par System solve (#platforms, #leg parts, #threads, block size)/4/64/8/14/process_time/real_time",2,0.40487,1.68449,s,,632.302,,,
"Par System solve (#platforms, #leg parts, #threads, block size)/8/64/8/14/process_time/real_time",2,0.485997,3.58843,s,,1053.5,,,
"Par System solve (#platforms, #leg parts, #threads, block size)/16/64/8/14/process_time/real_time",1,1.21252,6.79705,s,,844.524,,,
"Par System solve (#platforms, #leg parts, #threads, block size)/24/64/8/14/process_time/real_time",1,1.2584,10.1402,s,,1220.59,,,
"Par System solve (#platforms, #leg parts, #threads, block size)/48/64/8/14/process_time/real_time",1,2.60316,20.8122,s,,1180.1,,,
"Par System solve (#platforms, #leg parts, #threads, block size)/4/128/8/14/process_time/real_time",1,3.00628,12.6517,s,,170.31,,,
"Par System solve (#platforms, #leg parts, #threads, block size)/8/128/8/14/process_time/real_time",1,4.11546,31.0509,s,,248.818,,,
"Par System solve (#platforms, #leg parts, #threads, block size)/16/128/8/14/process_time/real_time",1,12.146,57.1152,s,,168.615,,,
"Par System solve (#platforms, #leg parts, #threads, block size)/24/128/8/14/process_time/real_time",1,11.5529,93.5094,s,,265.907,,,
"Par System solve (#platforms, #leg parts, #threads, block size)/48/128/8/14/process_time/real_time",1,22.7136,185.624,s,,270.499,,,
"Par System solve (#platforms, #leg parts, #threads, block size)/4/2/16/14/process_time/real_time",3863,0.000182042,0.00163651,s,,43945.9,,,
"Par System solve (#platforms, #leg parts, #threads, block size)/8/2/16/14/process_time/real_time",2942,0.000237998,0.00219445,s,,67227.5,,,
"Par System solve (#platforms, #leg parts, #threads, block size)/16/2/16/14/process_time/real_time",2254,0.000308189,0.00310207,s,,103833,,,
"Par System solve (#platforms, #leg parts, #threads, block size)/24/2/16/14/process_time/real_time",1807,0.000386064,0.0041763,s,,124332,,,
"Par System solve (#platforms, #leg parts, #threads, block size)/48/2/16/14/process_time/real_time",1301,0.000523683,0.00678926,s,,183317,,,
"Par System solve (#platforms, #leg parts, #threads, block size)/4/4/16/14/process_time/real_time",1676,0.00041558,0.00285805,s,,38500.4,,,
"Par System solve (#platforms, #leg parts, #threads, block size)/8/4/16/14/process_time/real_time",1255,0.000552299,0.00467806,s,,57939.7,,,
"Par System solve (#platforms, #leg parts, #threads, block size)/16/4/16/14/process_time/real_time",806,0.000856364,0.00827275,s,,74734.6,,,
"Par System solve (#platforms, #leg parts, #threads, block size)/24/4/16/14/process_time/real_time",593,0.00114031,0.0118853,s,,84187.9,,,
"Par System solve (#platforms, #leg parts, #threads, block size)/48/4/16/14/process_time/real_time",423,0.00167145,0.0213331,s,,114870,,,
"Par System solve (#platforms, #leg parts, #threads, block size)/4/8/16/14/process_time/real_time",475,0.00150986,0.00856146,s,,21194,,,
"Par System solve (#platforms, #leg parts, #threads, block size)/8/8/16/14/process_time/real_time",335,0.00212295,0.0170945,s,,30146.7,,,
"Par System solve (#platforms, #leg parts, #threads, block size)/16/8/16/14/process_time/real_time",194,0.00367086,0.034355,s,,34869.3,,,
"Par System solve (#platforms, #leg parts, #threads, block size)/24/8/16/14/process_time/real_time",142,0.00491754,0.0496651,s,,39043.9,,,
"Par System solve (#platforms, #leg parts, #threads, block size)/48/8/16/14/process_time/real_time",92,0.00759253,0.094829,s,,50576,,,
"Par System solve (#platforms, #leg parts, #threads, block size)/4/16/16/14/process_time/real_time",95,0.0076303,0.0397473,s,,8387.61,,,
"Par System solve (#platforms, #leg parts, #threads, block size)/8/16/16/14/process_time/real_time",64,0.0105089,0.0814841,s,,12180.2,,,
"Par System solve (#platforms, #leg parts, #threads, block size)/16/16/16/14/process_time/real_time",38,0.0177009,0.169512,s,,14462.5,,,
"Par System solve (#platforms, #leg parts, #threads, block size)/24/16/16/14/process_time/real_time",29,0.0262276,0.250085,s,,14641.1,,,
"Par System solve (#platforms, #leg parts, #threads, block size)/48/16/16/14/process_time/real_time",18,0.0414797,0.51169,s,,18515.1,,,
"Par System solve (#platforms, #leg parts, #threads, block size)/4/32/16/14/process_time/real_time",13,0.0509029,0.241827,s,,2514.59,,,
"Par System solve (#platforms, #leg parts, #threads, block size)/8/32/16/14/process_time/real_time",10,0.0691848,0.514907,s,,3700.24,,,
"Par System solve (#platforms, #leg parts, #threads, block size)/16/32/16/14/process_time/real_time",6,0.107408,1.11263,s,,4766.87,,,
"Par System solve (#platforms, #leg parts, #threads, block size)/24/32/16/14/process_time/real_time",4,0.167806,1.66302,s,,4576.71,,,
"Par System solve (#platforms, #leg parts, #threads, block size)/48/32/16/14/process_time/real_time",2,0.261479,3.38809,s,,5874.27,,,
"Par System solve (#platforms, #leg parts, #threads, block size)/4/64/16/14/process_time/real_time",2,0.39744,1.73403,s,,644.123,,,
"Par System solve (#platforms, #leg parts, #threads, block size)/8/64/16/14/process_time/real_time",2,0.426225,3.5659,s,,1201.24,,,
"Par System solve (#platforms, #leg parts, #threads, block size)/16/64/16/14/process_time/real_time",1,0.895278,9.07516,s,,1143.78,,,
"Par System solve (#platforms, #leg parts, #threads, block size)/24/64/16/14/process_time/real_time",1,1.29957,13.4485,s,,1181.93,,,
"Par System solve (#platforms, #leg parts, #threads, block size)/48/64/16/14/process_time/real_time",1,2.03888,27.3245,s,,1506.71,,,
"Par System solve (#platforms, #leg parts, #threads, block size)/4/128/16/14/process_time/real_time",1,3.10809,13.5024,s,,164.731,,,
"Par System solve (#platforms, #leg parts, #threads, block size)/8/128/16/14/process_time/real_time",1,4.13177,34.5655,s,,247.836,,,
"Par System solve (#platforms, #leg parts, #threads, block size)/16/128/16/14/process_time/real_time",1,9.05044,137.512,s,,226.287,,,
"Par System solve (#platforms, #leg parts, #threads, block size)/24/128/16/14/process_time/real_time",1,13.6711,148.76,s,,224.708,,,
"Par System solve (#platforms, #leg parts, #threads, block size)/48/128/16/14/process_time/real_time",1,25.7669,371.239,s,,238.445,,,
"Par System solve (#platforms, #leg parts, #threads, block size)/4/2/24/14/process_time/real_time",3605,0.000195929,0.00241451,s,,40831.2,,,
"Par System solve (#platforms, #leg parts, #threads, block size)/8/2/24/14/process_time/real_time",2741,0.000253341,0.0031604,s,,63156,,,
"Par System solve (#platforms, #leg parts, #threads, block size)/16/2/24/14/process_time/real_time",2172,0.000322709,0.00427463,s,,99160.5,,,
"Par System solve (#platforms, #leg parts, #threads, block size)/24/2/24/14/process_time/real_time",1747,0.000389474,0.00546943,s,,123243,,,
"Par System solve (#platforms, #leg parts, #threads, block size)/48/2/24/14/process_time/real_time",1285,0.000522759,0.00924702,s,,183641,,,
"Par System solve (#platforms, #leg parts, #threads, block size)/4/4/24/14/process_time/real_time",1674,0.000414598,0.00382946,s,,38591.6,,,
"Par System solve (#platforms, #leg parts, #threads, block size)/8/4/24/14/process_time/real_time",1295,0.000547437,0.0059632,s,,58454.2,,,
"Par System solve (#platforms, #leg parts, #threads, block size)/16/4/24/14/process_time/real_time",884,0.000793535,0.0104731,s,,80651.8,,,
"Par System solve (#platforms, #leg parts, #threads, block size)/24/4/24/14/process_time/real_time",681,0.00103059,0.0148056,s,,93150.4,,,
"Par System solve (#platforms, #leg parts, #threads, block size)/48/4/24/14/process_time/real_time",443,0.00157357,0.0276257,s,,122016,,,
"Par System solve (#platforms, #leg parts, #threads, block size)/4/8/24/14/process_time/real_time",491,0.0014742,0.0101154,s,,21706.8,,,
"Par System solve (#platforms, #leg parts, #threads, block size)/8/8/24/14/process_time/real_time",348,0.00204446,0.0197937,s,,31304.1,,,
"Par System solve (#platforms, #leg parts, #threads, block size)/16/8/24/14/process_time/real_time",226,0.00306128,0.0402036,s,,41812.5,,,
"Par System solve (#platforms, #leg parts, #threads, block size)/24/8/24/14/process_time/real_time",163,0.00421766,0.0606073,s,,45522.9,,,
"Par System solve (#platforms, #leg parts, #threads, block size)/48/8/24/14/process_time/real_time",103,0.00671068,0.117102,s,,57222.2,,,
"Par System solve (#platforms, #leg parts, #threads, block size)/4/16/24/14/process_time/real_time",94,0.00769587,0.0445165,s,,8316.15,,,
"Par System solve (#platforms, #leg parts, #threads, block size)/8/16/24/14/process_time/real_time",67,0.0104926,0.0925342,s,,12199,,,
"Par System solve (#platforms, #leg parts, #threads, block size)/16/16/24/14/process_time/real_time",50,0.0152114,0.201611,s,,16829.5,,,
"Par System solve (#platforms, #leg parts, #threads, block size)/24/16/24/14/process_time/real_time",32,0.0215434,0.300575,s,,17824.5,,,
"Par System solve (#platforms, #leg parts, #threads, block size)/48/16/24/14/process_time/real_time",19,0.0369749,0.642871,s,,20770.8,,,
"Par System solve (#platforms, #leg parts, #threads, block size)/4/32/24/14/process_time/real_time",14,0.0500316,0.255903,s,,2558.38,,,
"Par System solve (#platforms, #leg parts, #threads, block size)/8/32/24/14/process_time/real_time",11,0.0613104,0.544754,s,,4175.47,,,
"Par System solve (#platforms, #leg parts, #threads, block size)/16/32/24/14/process_time/real_time",6,0.104983,1.25845,s,,4876.96,,,
"Par System solve (#platforms, #leg parts, #threads, block size)/24/32/24/14/process_time/real_time",5,0.141521,2.03028,s,,5426.77,,,
"Par System solve (#platforms, #leg parts, #threads, block size)/48/32/24/14/process_time/real_time",3,0.242754,4.23765,s,,6327.4,,,
"Par System solve (#platforms, #leg parts, #threads, block size)/4/64/24/14/process_time/real_time",2,0.36051,1.74193,s,,710.106,,,
"Par System solve (#platforms, #leg parts, #threads, block size)/8/64/24/14/process_time/real_time",1,0.501371,3.79504,s,,1021.2,,,
"Par System solve (#platforms, #leg parts, #threads, block size)/16/64/24/14/process_time/real_time",1,0.627107,10.0708,s,,1632.9,,,
"Par System solve (#platforms, #leg parts, #threads, block size)/24/64/24/14/process_time/real_time",1,1.13862,18.462,s,,1349,,,
"Par System solve (#platforms, #leg parts, #threads, block size)/48/64/24/14/process_time/real_time",1,2.51603,51.6594,s,,1220.97,,,
"Par System solve (#platforms, #leg parts, #threads, block size)/4/128/24/14/process_time/real_time",1,2.98426,13.3519,s,,171.567,,,
"Par System solve (#platforms, #leg parts, #threads, block size)/8/128/24/14/process_time/real_time",1,3.91711,32.6519,s,,261.417,,,
"Par System solve (#platforms, #leg parts, #threads, block size)/16/128/24/14/process_time/real_time",1,10.1093,123.497,s,,202.586,,,
"Par System solve (#platforms, #leg parts, #threads, block size)/24/128/24/14/process_time/real_time",1,14.1274,243.855,s,,217.449,,,
"Par System solve (#platforms, #leg parts, #threads, block size)/48/128/24/14/process_time/real_time",1,27.7252,568.116,s,,221.604,,,
"Par System solve (#platforms, #leg parts, #threads, block size)/4/2/4/28/process_time/real_time",5501,0.000130401,0.000492018,s,,61349.4,,,
"Par System solve (#platforms, #leg parts, #threads, block size)/8/2/4/28/process_time/real_time",3426,0.000202128,0.000801903,s,,79157.9,,,
"Par System solve (#platforms, #leg parts, #threads, block size)/16/2/4/28/process_time/real_time",1937,0.000355372,0.00145331,s,,90046.6,,,
"Par System solve (#platforms, #leg parts, #threads, block size)/24/2/4/28/process_time/real_time",1390,0.00051109,0.00211379,s,,93916.9,,,
"Par System solve (#platforms, #leg parts, #threads, block size)/48/2/4/28/process_time/real_time",713,0.00100031,0.00413724,s,,95970.6,,,
"Par System solve (#platforms, #leg parts, #threads, block size)/4/4/4/28/process_time/real_time",1553,0.000451451,0.00151259,s,,35441.3,,,
"Par System solve (#platforms, #leg parts, #threads, block size)/8/4/4/28/process_time/real_time",902,0.000759545,0.00277843,s,,42130.5,,,
"Par System solve (#platforms, #leg parts, #threads, block size)/16/4/4/28/process_time/real_time",473,0.00140932,0.00537931,s,,45412,,,
"Par System solve (#platforms, #leg parts, #threads, block size)/24/4/4/28/process_time/real_time",343,0.00198825,0.00788548,s,,48283.7,,,
"Par System solve (#platforms, #leg parts, #threads, block size)/48/4/4/28/process_time/real_time",185,0.00374158,0.0154191,s,,51315.2,,,
"Par System solve (#platforms, #leg parts, #threads, block size)/4/8/4/28/process_time/real_time",351,0.00189817,0.00635427,s,,16858.3,,,
"Par System solve (#platforms, #leg parts, #threads, block size)/8/8/4/28/process_time/real_time",212,0.00329913,0.0121466,s,,19399,,,
"Par System solve (#platforms, #leg parts, #threads, block size)/16/8/4/28/process_time/real_time",118,0.00606991,0.0240177,s,,21087.6,,,
"Par System solve (#platforms, #leg parts, #threads, block size)/24/8/4/28/process_time/real_time",75,0.00879005,0.0360349,s,,21842.9,,,
"Par System solve (#platforms, #leg parts, #threads, block size)/48/8/4/28/process_time/real_time",41,0.016984,0.0718878,s,,22609.5,,,
"Par System solve (#platforms, #leg parts, #threads, block size)/4/16/4/28/process_time/real_time",69,0.00947692,0.0339875,s,,6753.25,,,
"Par System solve (#platforms, #leg parts, #threads, block size)/8/16/4/28/process_time/real_time",40,0.0173644,0.0671088,s,,7371.39,,,
"Par System solve (#platforms, #leg parts, #threads, block size)/16/16/4/28/process_time/real_time",23,0.0317598,0.131023,s,,8060.5,,,
"Par System solve (#platforms, #leg parts, #threads, block size)/24/16/4/28/process_time/real_time",15,0.0490445,0.202199,s,,7829.62,,,
"Par System solve (#platforms, #leg parts, #threads, block size)/48/16/4/28/process_time/real_time",8,0.0949344,0.402927,s,,8089.8,,,
"Par System solve (#platforms, #leg parts, #threads, block size)/4/32/4/28/process_time/real_time",13,0.0594528,0.221335,s,,2152.97,,,
"Par System solve (#platforms, #leg parts, #threads, block size)/8/32/4/28/process_time/real_time",5,0.122726,0.436839,s,,2085.94,,,
"Par System solve (#platforms, #leg parts, #threads, block size)/16/32/4/28/process_time/real_time",3,0.241175,0.904291,s,,2122.94,,,
"Par System solve (#platforms, #leg parts, #threads, block size)/24/32/4/28/process_time/real_time",2,0.332624,1.29576,s,,2308.91,,,
"Par System solve (#platforms, #leg parts, #threads, block size)/48/32/4/28/process_time/real_time",1,0.63351,2.60075,s,,2424.59,,,
"Par System solve (#platforms, #leg parts, #threads, block size)/4/64/4/28/process_time/real_time",2,0.403615,1.61174,s,,634.268,,,
"Par System solve (#platforms, #leg parts, #threads, block size)/8/64/4/28/process_time/real_time",1,0.770101,3.13117,s,,664.848,,,
"Par System solve (#platforms, #leg parts, #threads, block size)/16/64/4/28/process_time/real_time",1,1.60652,6.43038,s,,637.403,,,
"Par System solve (#platforms, #leg parts, #threads, block size)/24/64/4/28/process_time/real_time",1,2.33411,9.49647,s,,658.068,,,
"Par System solve (#platforms, #leg parts, #threads, block size)/48/64/4/28/process_time/real_time",1,4.73565,19.5671,s,,648.697,,,
"Par System solve (#platforms, #leg parts, #threads, block size)/4/128/4/28/process_time/real_time",1,3.15852,12.7336,s,,162.101,,,
"Par System solve (#platforms, #leg parts, #threads, block size)/8/128/4/28/process_time/real_time",1,8.47367,24.3929,s,,120.845,,,
"Par System solve (#platforms, #leg parts, #threads, block size)/16/128/4/28/process_time/real_time",1,12.272,50.8511,s,,166.883,,,
"Par System solve (#platforms, #leg parts, #threads, block size)/24/128/4/28/process_time/real_time",1,18.4128,75.205,s,,166.841,,,
"Par System solve (#platforms, #leg parts, #threads, block size)/48/128/4/28/process_time/real_time",1,36.4299,150.704,s,,168.653,,,
"Par System solve (#platforms, #leg parts, #threads, block size)/4/2/8/28/process_time/real_time",5213,0.000132855,0.000812867,s,,60215.9,,,
"Par System solve (#platforms, #leg parts, #threads, block size)/8/2/8/28/process_time/real_time",3407,0.000210215,0.00130759,s,,76112.5,,,
"Par System solve (#platforms, #leg parts, #threads, block size)/16/2/8/28/process_time/real_time",2620,0.000266676,0.00198061,s,,119996,,,
"Par System solve (#platforms, #leg parts, #threads, block size)/24/2/8/28/process_time/real_time",2008,0.000366726,0.00267089,s,,130888,,,
"Par System solve (#platforms, #leg parts, #threads, block size)/48/2/8/28/process_time/real_time",1156,0.000611423,0.00469248,s,,157011,,,
"Par System solve (#platforms, #leg parts, #threads, block size)/4/4/8/28/process_time/real_time",1839,0.000378616,0.00189442,s,,42259.1,,,
"Par System solve (#platforms, #leg parts, #threads, block size)/8/4/8/28/process_time/real_time",1093,0.000648006,0.00351841,s,,49382.3,,,
"Par System solve (#platforms, #leg parts, #threads, block size)/16/4/8/28/process_time/real_time",746,0.000966869,0.00623835,s,,66193,,,
"Par System solve (#platforms, #leg parts, #threads, block size)/24/4/8/28/process_time/real_time",549,0.00128305,0.00881119,s,,74821.7,,,
"Par System solve (#platforms, #leg parts, #threads, block size)/48/4/8/28/process_time/real_time",314,0.00222511,0.0166701,s,,86287.8,,,
"Par System solve (#platforms, #leg parts, #threads, block size)/4/8/8/28/process_time/real_time",465,0.00152376,0.00697665,s,,21000.7,,,
"Par System solve (#platforms, #leg parts, #threads, block size)/8/8/8/28/process_time/real_time",252,0.00276666,0.0143661,s,,23132.6,,,
"Par System solve (#platforms, #leg parts, #threads, block size)/16/8/8/28/process_time/real_time",164,0.00425758,0.0267755,s,,30064.1,,,
"Par System solve (#platforms, #leg parts, #threads, block size)/24/8/8/28/process_time/real_time",120,0.00597602,0.0389478,s,,32128.4,,,
"Par System solve (#platforms, #leg parts, #threads, block size)/48/8/8/28/process_time/real_time",69,0.0105016,0.075214,s,,36565.8,,,
"Par System solve (#platforms, #leg parts, #threads, block size)/4/16/8/28/process_time/real_time",86,0.00823698,0.0356003,s,,7769.84,,,
"Par System solve (#platforms, #leg parts, #threads, block size)/8/16/8/28/process_time/real_time",48,0.0144968,0.0719382,s,,8829.53,,,
"Par System solve (#platforms, #leg parts, #threads, block size)/16/16/8/28/process_time/real_time",29,0.0228566,0.140695,s,,11200.2,,,
"Par System solve (#platforms, #leg parts, #threads, block size)/24/16/8/28/process_time/real_time",22,0.0335386,0.211031,s,,11449.5,,,
"Par System solve (#platforms, #leg parts, #threads, block size)/48/16/8/28/process_time/real_time",12,0.0577235,0.417096,s,,13304.8,,,
"Par System solve (#platforms, #leg parts, #threads, block size)/4/32/8/28/process_time/real_time",13,0.052572,0.226305,s,,2434.75,,,
"Par System solve (#platforms, #leg parts, #threads, block size)/8/32/8/28/process_time/real_time",7,0.0729692,0.474156,s,,3508.33,,,
"Par System solve (#platforms, #leg parts, #threads, block size)/16/32/8/28/process_time/real_time",6,0.160987,0.966203,s,,3180.39,,,
"Par System solve (#platforms, #leg parts, #threads, block size)/24/32/8/28/process_time/real_time",3,0.216439,1.46042,s,,3548.35,,,
"Par System solve (#platforms, #leg parts, #threads, block size)/48/32/8/28/process_time/real_time",2,0.360584,2.79416,s,,4259.76,,,
"Par System solve (#platforms, #leg parts, #threads, block size)/4/64/8/28/process_time/real_time",2,0.363203,1.59374,s,,704.839,,,
"Par System solve (#platforms, #leg parts, #threads, block size)/8/64/8/28/process_time/real_time",1,0.736846,3.34742,s,,694.853,,,
"Par System solve (#platforms, #leg parts, #threads, block size)/16/64/8/28/process_time/real_time",1,0.86344,6.91472,s,,1185.95,,,
"Par System solve (#platforms, #leg parts, #threads, block size)/24/64/8/28/process_time/real_time",1,1.29094,10.3089,s,,1189.83,,,
"Par System solve (#platforms, #leg parts, #threads, block size)/48/64/8/28/process_time/real_time",1,2.80879,20.1948,s,,1093.71,,,
"Par System solve (#platforms, #leg parts, #threads, block size)/4/128/8/28/process_time/real_time",1,2.97948,12.588,s,,171.842,,,
"Par System solve (#platforms, #leg parts, #threads, block size)/8/128/8/28/process_time/real_time",1,6.08962,27.8723,s,,168.155,,,
"Par System solve (#platforms, #leg parts, #threads, block size)/16/128/8/28/process_time/real_time",1,7.75483,62.6244,s,,264.094,,,
"Par System solve (#platforms, #leg parts, #threads, block size)/24/128/8/28/process_time/real_time",1,13.9071,92.2261,s,,220.895,,,
"Par System solve (#platforms, #leg parts, #threads, block size)/48/128/8/28/process_time/real_time",1,24.6383,183.202,s,,249.368,,,
"Par System solve (#platforms, #leg parts, #threads, block size)/4/2/16/28/process_time/real_time",3739,0.000184613,0.00158455,s,,43333.9,,,
"Par System solve (#platforms, #leg parts, #threads, block size)/8/2/16/28/process_time/real_time",3013,0.000234317,0.00209934,s,,68283.6,,,
"Par System solve (#platforms, #leg parts, #threads, block size)/16/2/16/28/process_time/real_time",2309,0.000304846,0.00302359,s,,104971,,,
"Par System solve (#platforms, #leg parts, #threads, block size)/24/2/16/28/process_time/real_time",1836,0.00038116,0.00412676,s,,125931,,,
"Par System solve (#platforms, #leg parts, #threads, block size)/48/2/16/28/process_time/real_time",1359,0.000521274,0.00672219,s,,184164,,,
"Par System solve (#platforms, #leg parts, #threads, block size)/4/4/16/28/process_time/real_time",1668,0.000421763,0.00274914,s,,37936,,,
"Par System solve (#platforms, #leg parts, #threads, block size)/8/4/16/28/process_time/real_time",1258,0.000552868,0.00463764,s,,57880,,,
"Par System solve (#platforms, #leg parts, #threads, block size)/16/4/16/28/process_time/real_time",825,0.000869581,0.00832731,s,,73598.7,,,
"Par System solve (#platforms, #leg parts, #threads, block size)/24/4/16/28/process_time/real_time",612,0.00112065,0.0118023,s,,85664.8,,,
"Par System solve (#platforms, #leg parts, #threads, block size)/48/4/16/28/process_time/real_time",416,0.00167678,0.0214699,s,,114505,,,
"Par System solve (#platforms, #leg parts, #threads, block size)/4/8/16/28/process_time/real_time",458,0.00153004,0.00839293,s,,20914.5,,,
"Par System solve (#platforms, #leg parts, #threads, block size)/8/8/16/28/process_time/real_time",336,0.00213259,0.0171288,s,,30010.5,,,
"Par System solve (#platforms, #leg parts, #threads, block size)/16/8/16/28/process_time/real_time",193,0.00364406,0.0342486,s,,35125.7,,,
"Par System solve (#platforms, #leg parts, #threads, block size)/24/8/16/28/process_time/real_time",146,0.00491362,0.0496407,s,,39075.1,,,
"Par System solve (#platforms, #leg parts, #threads, block size)/48/8/16/28/process_time/real_time",100,0.00727483,0.0938074,s,,52784.7,,,
"Par System solve (#platforms, #leg parts, #threads, block size)/4/16/16/28/process_time/real_time",78,0.00762063,0.0398129,s,,8398.26,,,
"Par System solve (#platforms, #leg parts, #threads, block size)/8/16/16/28/process_time/real_time",66,0.0104274,0.0827183,s,,12275.4,,,
"Par System solve (#platforms, #leg parts, #threads, block size)/16/16/16/28/process_time/real_time",37,0.0178491,0.169745,s,,14342.5,,,
"Par System solve (#platforms, #leg parts, #threads, block size)/24/16/16/28/process_time/real_time",28,0.0252058,0.249266,s,,15234.6,,,
"Par System solve (#platforms, #leg parts, #threads, block size)/48/16/16/28/process_time/real_time",17,0.0417667,0.505286,s,,18387.9,,,
"Par System solve (#platforms, #leg parts, #threads, block size)/4/32/16/28/process_time/real_time",14,0.0512902,0.24272,s,,2495.6,,,
"Par System solve (#platforms, #leg parts, #threads, block size)/8/32/16/28/process_time/real_time",12,0.0623743,0.511099,s,,4104.25,,,
"Par System solve (#platforms, #leg parts, #threads, block size)/16/32/16/28/process_time/real_time",6,0.119078,1.12197,s,,4299.71,,,
"Par System solve (#platforms, #leg parts, #threads, block size)/24/32/16/28/process_time/real_time",5,0.153522,1.64345,s,,5002.55,,,
"Par System solve (#platforms, #leg parts, #threads, block size)/48/32/16/28/process_time/real_time",2,0.252054,3.29142,s,,6093.93,,,
"Par System solve (#platforms, #leg parts, #threads, block size)/4/64/16/28/process_time/real_time",2,0.390535,1.71931,s,,655.511,,,
"Par System solve (#platforms, #leg parts, #threads, block size)/8/64/16/28/process_time/real_time",2,0.409968,3.56832,s,,1248.88,,,
"Par System solve (#platforms, #leg parts, #threads, block size)/16/64/16/28/process_time/real_time",1,1.16003,7.82944,s,,882.739,,,
"Par System solve (#platforms, #leg parts, #threads, block size)/24/64/16/28/process_time/real_time",1,0.999747,12.9334,s,,1536.39,,,
"Par System solve (#platforms, #leg parts, #threads, block size)/48/64/16/28/process_time/real_time",1,2.00035,27.0959,s,,1535.73,,,
"Par System solve (#platforms, #leg parts, #threads, block size)/4/128/16/28/process_time/real_time",1,2.82837,12.6502,s,,181.023,,,
"Par System solve (#platforms, #leg parts, #threads, block size)/8/128/16/28/process_time/real_time",1,4.04524,31.6769,s,,253.137,,,
"Par System solve (#platforms, #leg parts, #threads, block size)/16/128/16/28/process_time/real_time",1,9.18755,95.5847,s,,222.91,,,
"Par System solve (#platforms, #leg parts, #threads, block size)/24/128/16/28/process_time/real_time",1,14.4362,165.291,s,,212.798,,,
"Par System solve (#platforms, #leg parts, #threads, block size)/48/128/16/28/process_time/real_time",1,26.2155,371.844,s,,234.365,,,
"Par System solve (#platforms, #leg parts, #threads, block size)/4/2/24/28/process_time/real_time",3529,0.000195699,0.00232903,s,,40879.1,,,
"Par System solve (#platforms, #leg parts, #threads, block size)/8/2/24/28/process_time/real_time",2828,0.000249134,0.00300457,s,,64222.4,,,
"Par System solve (#platforms, #leg parts, #threads, block size)/16/2/24/28/process_time/real_time",2260,0.00031548,0.00418234,s,,101433,,,
"Par System solve (#platforms, #leg parts, #threads, block size)/24/2/24/28/process_time/real_time",1861,0.000380743,0.00524138,s,,126069,,,
"Par System solve (#platforms, #leg parts, #threads, block size)/48/2/24/28/process_time/real_time",1317,0.000532998,0.00905692,s,,180113,,,
"Par System solve (#platforms, #leg parts, #threads, block size)/4/4/24/28/process_time/real_time",1606,0.000432354,0.0036398,s,,37006.7,,,
"Par System solve (#platforms, #leg parts, #threads, block size)/8/4/24/28/process_time/real_time",1251,0.000554467,0.00572197,s,,57713.1,,,
"Par System solve (#platforms, #leg parts, #threads, block size)/16/4/24/28/process_time/real_time",888,0.000786171,0.0102303,s,,81407.3,,,
"Par System solve (#platforms, #leg parts, #threads, block size)/24/4/24/28/process_time/real_time",677,0.00105001,0.0147466,s,,91427.6,,,
"Par System solve (#platforms, #leg parts, #threads, block size)/48/4/24/28/process_time/real_time",434,0.0016,0.027498,s,,120000,,,
"Par System solve (#platforms, #leg parts, #threads, block size)/4/8/24/28/process_time/real_time",451,0.0014858,0.00976023,s,,21537.3,,,
"Par System solve (#platforms, #leg parts, #threads, block size)/8/8/24/28/process_time/real_time",335,0.00211037,0.0194988,s,,30326.5,,,
"Par System solve (#platforms, #leg parts, #threads, block size)/16/8/24/28/process_time/real_time",227,0.00315082,0.039924,s,,40624.3,,,
"Par System solve (#platforms, #leg parts, #threads, block size)/24/8/24/28/process_time/real_time",161,0.00439722,0.0600423,s,,43664,,,
"Par System solve (#platforms, #leg parts, #threads, block size)/48/8/24/28/process_time/real_time",103,0.00696689,0.116925,s,,55117.9,,,
"Par System solve (#platforms, #leg parts, #threads, block size)/4/16/24/28/process_time/real_time",88,0.00769989,0.0441937,s,,8311.8,,,
"Par System solve (#platforms, #leg parts, #threads, block size)/8/16/24/28/process_time/real_time",65,0.0105018,0.0919779,s,,12188.4,,,
"Par System solve (#platforms, #leg parts, #threads, block size)/16/16/24/28/process_time/real_time",44,0.0161313,0.199211,s,,15869.8,,,
"Par System solve (#platforms, #leg parts, #threads, block size)/24/16/24/28/process_time/real_time",31,0.0221853,0.304424,s,,17308.8,,,
"Par System solve (#platforms, #leg parts, #threads, block size)/48/16/24/28/process_time/real_time",19,0.03658,0.644004,s,,20995.1,,,
"Par System solve (#platforms, #leg parts, #threads, block size)/4/32/24/28/process_time/real_time",12,0.05032,0.256113,s,,2543.72,,,
"Par System solve (#platforms, #leg parts, #threads, block size)/8/32/24/28/process_time/real_time",12,0.0654718,0.537298,s,,3910.08,,,
"Par System solve (#platforms, #leg parts, #threads, block size)/16/32/24/28/process_time/real_time",6,0.0850528,1.28177,s,,6019.79,,,
"Par System solve (#platforms, #leg parts, #threads, block size)/24/32/24/28/process_time/real_time",5,0.136095,2.03243,s,,5643.1,,,
"Par System solve (#platforms, #leg parts, #threads, block size)/48/32/24/28/process_time/real_time",3,0.233381,4.28085,s,,6581.5,,,
"Par System solve (#platforms, #leg parts, #threads, block size)/4/64/24/28/process_time/real_time",2,0.364434,1.74513,s,,702.46,,,
"Par System solve (#platforms, #leg parts, #threads, block size)/8/64/24/28/process_time/real_time",2,0.449792,3.86213,s,,1138.3,,,
"Par System solve (#platforms, #leg parts, #threads, block size)/16/64/24/28/process_time/real_time",1,0.609329,10.0364,s,,1680.54,,,
"Par System solve (#platforms, #leg parts, #threads, block size)/24/64/24/28/process_time/real_time",1,1.35568,23.3008,s,,1133.01,,,
"Par System solve (#platforms, #leg parts, #threads, block size)/48/64/24/28/process_time/real_time",1,2.6926,48.3547,s,,1140.9,,,
"Par System solve (#platforms, #leg parts, #threads, block size)/4/128/24/28/process_time/real_time",1,2.80431,13.067,s,,182.576,,,
"Par System solve (#platforms, #leg parts, #threads, block size)/8/128/24/28/process_time/real_time",1,3.80952,32.6892,s,,268.8,,,
"Par System solve (#platforms, #leg parts, #threads, block size)/16/128/24/28/process_time/real_time",1,8.49614,141.036,s,,241.051,,,
"Par System solve (#platforms, #leg parts, #threads, block size)/24/128/24/28/process_time/real_time",1,15.8167,313.273,s,,194.225,,,
"Par System solve (#platforms, #leg parts, #threads, block size)/48/128/24/28/process_time/real_time",1,29.2271,635.052,s,,210.216,,,
"Par System solve (#platforms, #leg parts, #threads, block size)/4/2/4/56/process_time/real_time",6992,9.79788e-05,0.000406985,s,,81650.3,,,
"Par System solve (#platforms, #leg parts, #threads, block size)/8/2/4/56/process_time/real_time",3993,0.000175609,0.000731617,s,,91111.3,,,
"Par System solve (#platforms, #leg parts, #threads, block size)/16/2/4/56/process_time/real_time",2062,0.000338641,0.00140959,s,,94495.3,,,
"Par System solve (#platforms, #leg parts, #threads, block size)/24/2/4/56/process_time/real_time",1399,0.000497246,0.00206888,s,,96531.7,,,
"Par System solve (#platforms, #leg parts, #threads, block size)/48/2/4/56/process_time/real_time",707,0.000975386,0.00406386,s,,98422.6,,,
"Par System solve (#platforms, #leg parts, #threads, block size)/4/4/4/56/process_time/real_time",1565,0.000449317,0.00154275,s,,35609.6,,,
"Par System solve (#platforms, #leg parts, #threads, block size)/8/4/4/56/process_time/real_time",968,0.00072334,0.00275051,s,,44239.2,,,
"Par System solve (#platforms, #leg parts, #threads, block size)/16/4/4/56/process_time/real_time",522,0.00134964,0.00538467,s,,47419.9,,,
"Par System solve (#platforms, #leg parts, #threads, block size)/24/4/4/56/process_time/real_time",361,0.00196282,0.00794576,s,,48909.3,,,
"Par System solve (#platforms, #leg parts, #threads, block size)/48/4/4/56/process_time/real_time",185,0.00380224,0.0156183,s,,50496.5,,,
"Par System solve (#platforms, #leg parts, #threads, block size)/4/8/4/56/process_time/real_time",358,0.00184928,0.00627368,s,,17304,,,
"Par System solve (#platforms, #leg parts, #threads, block size)/8/8/4/56/process_time/real_time",212,0.0033292,0.0123475,s,,19223.9,,,
"Par System solve (#platforms, #leg parts, #threads, block size)/16/8/4/56/process_time/real_time",119,0.00611383,0.0239811,s,,20936.1,,,
"Par System solve (#platforms, #leg parts, #threads, block size)/24/8/4/56/process_time/real_time",77,0.00911181,0.0362302,s,,21071.6,,,
"Par System solve (#platforms, #leg parts, #threads, block size)/48/8/4/56/process_time/real_time",41,0.0173155,0.0706893,s,,22176.7,,,
"Par System solve (#platforms, #leg parts, #threads, block size)/4/16/4/56/process_time/real_time",72,0.0097779,0.0339409,s,,6545.37,,,
"Par System solve (#platforms, #leg parts, #threads, block size)/8/16/4/56/process_time/real_time",39,0.0180952,0.06615,s,,7073.71,,,
"Par System solve (#platforms, #leg parts, #threads, block size)/16/16/4/56/process_time/real_time",20,0.0348006,0.132841,s,,7356.19,,,
"Par System solve (#platforms, #leg parts, #threads, block size)/24/16/4/56/process_time/real_time",14,0.0493086,0.197053,s,,7787.68,,,
"Par System solve (#platforms, #leg parts, #threads, block size)/48/16/4/56/process_time/real_time",7,0.0968171,0.394891,s,,7932.48,,,
"Par System solve (#platforms, #leg parts, #threads, block size)/4/32/4/56/process_time/real_time",12,0.0642661,0.220253,s,,1991.72,,,
"Par System solve (#platforms, #leg parts, #threads, block size)/8/32/4/56/process_time/real_time",7,0.124588,0.438981,s,,2054.78,,,
"Par System solve (#platforms, #leg parts, #threads, block size)/16/32/4/56/process_time/real_time",3,0.211181,0.877426,s,,2424.46,,,
"Par System solve (#platforms, #leg parts, #threads, block size)/24/32/4/56/process_time/real_time",2,0.314731,1.30128,s,,2440.18,,,
"Par System solve (#platforms, #leg parts, #threads, block size)/48/32/4/56/process_time/real_time",1,0.654072,2.67287,s,,2348.37,,,
"Par System solve (#platforms, #leg parts, #threads, block size)/4/64/4/56/process_time/real_time",2,0.429345,1.64921,s,,596.257,,,
"Par System solve (#platforms, #leg parts, #threads, block size)/8/64/4/56/process_time/real_time",1,0.769124,3.13545,s,,665.692,,,
"Par System solve (#platforms, #leg parts, #threads, block size)/16/64/4/56/process_time/real_time",1,1.6239,6.51644,s,,630.582,,,
"Par System solve (#platforms, #leg parts, #threads, block size)/24/64/4/56/process_time/real_time",1,2.33813,9.36824,s,,656.935,,,
"Par System solve (#platforms, #leg parts, #threads, block size)/48/64/4/56/process_time/real_time",1,4.81052,19.2677,s,,638.601,,,
"Par System solve (#platforms, #leg parts, #threads, block size)/4/128/4/56/process_time/real_time",1,3.08757,12.6306,s,,165.826,,,
"Par System solve (#platforms, #leg parts, #threads, block size)/8/128/4/56/process_time/real_time",1,6.15121,24.978,s,,166.471,,,
"Par System solve (#platforms, #leg parts, #threads, block size)/16/128/4/56/process_time/real_time",1,12.1463,49.8826,s,,168.611,,,
"Par System solve (#platforms, #leg parts, #threads, block size)/24/128/4/56/process_time/real_time",1,18.0278,74.8318,s,,170.403,,,
"Par System solve (#platforms, #leg parts, #threads, block size)/48/128/4/56/process_time/real_time",1,36.2068,150.276,s,,169.692,,,
"Par System solve (#platforms, #leg parts, #threads, block size)/4/2/8/56/process_time/real_time",4768,0.000144254,0.000803638,s,,55457.8,,,
"Par System solve (#platforms, #leg parts, #threads, block size)/8/2/8/56/process_time/real_time",4860,0.000144744,0.00100439,s,,110540,,,
"Par System solve (#platforms, #leg parts, #threads, block size)/16/2/8/56/process_time/real_time",3589,0.000195246,0.00158276,s,,163896,,,
"Par System solve (#platforms, #leg parts, #threads, block size)/24/2/8/56/process_time/real_time",2477,0.000278183,0.00227621,s,,172548,,,
"Par System solve (#platforms, #leg parts, #threads, block size)/48/2/8/56/process_time/real_time",1258,0.0005423,0.0044139,s,,177024,,,
"Par System solve (#platforms, #leg parts, #threads, block size)/4/4/8/56/process_time/real_time",1856,0.00037281,0.0018757,s,,42917.3,,,
"Par System solve (#platforms, #leg parts, #threads, block size)/8/4/8/56/process_time/real_time",1116,0.000638939,0.00347891,s,,50083,,,
"Par System solve (#platforms, #leg parts, #threads, block size)/16/4/8/56/process_time/real_time",713,0.00095574,0.00614346,s,,66963.8,,,
"Par System solve (#platforms, #leg parts, #threads, block size)/24/4/8/56/process_time/real_time",546,0.00127902,0.00880229,s,,75057.7,,,
"Par System solve (#platforms, #leg parts, #threads, block size)/48/4/8/56/process_time/real_time",320,0.00221357,0.0165525,s,,86737.5,,,
"Par System solve (#platforms, #leg parts, #threads, block size)/4/8/8/56/process_time/real_time",444,0.0015059,0.00700747,s,,21249.7,,,
"Par System solve (#platforms, #leg parts, #threads, block size)/8/8/8/56/process_time/real_time",256,0.00280891,0.0143046,s,,22784.6,,,
"Par System solve (#platforms, #leg parts, #threads, block size)/16/8/8/56/process_time/real_time",164,0.00424302,0.0266796,s,,30167.2,,,
"Par System solve (#platforms, #leg parts, #threads, block size)/24/8/8/56/process_time/real_time",123,0.0056962,0.0383921,s,,33706.7,,,
"Par System solve (#platforms, #leg parts, #threads, block size)/48/8/8/56/process_time/real_time",67,0.0101916,0.0748506,s,,37678.1,,,
"Par System solve (#platforms, #leg parts, #threads, block size)/4/16/8/56/process_time/real_time",78,0.00786479,0.0355875,s,,8137.53,,,
"Par System solve (#platforms, #leg parts, #threads, block size)/8/16/8/56/process_time/real_time",49,0.0145548,0.0720555,s,,8794.36,,,
"Par System solve (#platforms, #leg parts, #threads, block size)/16/16/8/56/process_time/real_time",32,0.0230224,0.139871,s,,11119.6,,,
"Par System solve (#platforms, #leg parts, #threads, block size)/24/16/8/56/process_time/real_time",22,0.0318322,0.211096,s,,12063.3,,,
"Par System solve (#platforms, #leg parts, #threads, block size)/48/16/8/56/process_time/real_time",11,0.0562904,0.419121,s,,13643.5,,,
"Par System solve (#platforms, #leg parts, #threads, block size)/4/32/8/56/process_time/real_time",13,0.049923,0.223355,s,,2563.95,,,
"Par System solve (#platforms, #leg parts, #threads, block size)/8/32/8/56/process_time/real_time",10,0.0822785,0.465791,s,,3111.38,,,
"Par System solve (#platforms, #leg parts, #threads, block size)/16/32/8/56/process_time/real_time",4,0.149435,0.969081,s,,3426.24,,,
"Par System solve (#platforms, #leg parts, #threads, block size)/24/32/8/56/process_time/real_time",3,0.199668,1.42087,s,,3846.38,,,
"Par System solve (#platforms, #leg parts, #threads, block size)/48/32/8/56/process_time/real_time",2,0.371519,2.80907,s,,4134.38,,,
"Par System solve (#platforms, #leg parts, #threads, block size)/4/64/8/56/process_time/real_time",2,0.371509,1.61128,s,,689.081,,,
"Par System solve (#platforms, #leg parts, #threads, block size)/8/64/8/56/process_time/real_time",2,0.452676,3.47243,s,,1131.05,,,
"Par System solve (#platforms, #leg parts, #threads, block size)/16/64/8/56/process_time/real_time",1,1.14908,6.82839,s,,891.15,,,
"Par System solve (#platforms, #leg parts, #threads, block size)/24/64/8/56/process_time/real_time",1,1.60382,10.5211,s,,957.716,,,
"Par System solve (#platforms, #leg parts, #threads, block size)/48/64/8/56/process_time/real_time",1,2.7361,20.227,s,,1122.77,,,
"Par System solve (#platforms, #leg parts, #threads, block size)/4/128/8/56/process_time/real_time",1,3.07254,12.8217,s,,166.637,,,
"Par System solve (#platforms, #leg parts, #threads, block size)/8/128/8/56/process_time/real_time",1,8.21881,25.6737,s,,124.592,,,
"Par System solve (#platforms, #leg parts, #threads, block size)/16/128/8/56/process_time/real_time",1,9.66876,57.1042,s,,211.816,,,
"Par System solve (#platforms, #leg parts, #threads, block size)/24/128/8/56/process_time/real_time",1,13.518,90.9301,s,,227.252,,,
"Par System solve (#platforms, #leg parts, #threads, block size)/48/128/8/56/process_time/real_time",1,24.7594,183.667,s,,248.148,,,
"Par System solve (#platforms, #leg parts, #threads, block size)/4/2/16/56/process_time/real_time",3880,0.000179462,0.00151394,s,,44577.7,,,
"Par System solve (#platforms, #leg parts, #threads, block size)/8/2/16/56/process_time/real_time",2963,0.000224554,0.00197151,s,,71252.4,,,
"Par System solve (#platforms, #leg parts, #threads, block size)/16/2/16/56/process_time/real_time",2619,0.000269425,0.00280708,s,,118772,,,
"Par System solve (#platforms, #leg parts, #threads, block size)/24/2/16/56/process_time/real_time",2473,0.000289734,0.003804,s,,165669,,,
"Par System solve (#platforms, #leg parts, #threads, block size)/48/2/16/56/process_time/real_time",1575,0.000442972,0.00638258,s,,216718,,,
"Par System solve (#platforms, #leg parts, #threads, block size)/4/4/16/56/process_time/real_time",1639,0.000440504,0.002666,s,,36322.1,,,
"Par System solve (#platforms, #leg parts, #threads, block size)/8/4/16/56/process_time/real_time",1330,0.000532076,0.00437085,s,,60141.8,,,
"Par System solve (#platforms, #leg parts, #threads, block size)/16/4/16/56/process_time/real_time",844,0.000847889,0.00837528,s,,75481.6,,,
"Par System solve (#platforms, #leg parts, #threads, block size)/24/4/16/56/process_time/real_time",636,0.00111866,0.0120996,s,,85816.6,,,
"Par System solve (#platforms, #leg parts, #threads, block size)/48/4/16/56/process_time/real_time",414,0.00164917,0.0213365,s,,116422,,,
"Par System solve (#platforms, #leg parts, #threads, block size)/4/8/16/56/process_time/real_time",460,0.00155934,0.00850703,s,,20521.5,,,
"Par System solve (#platforms, #leg parts, #threads, block size)/8/8/16/56/process_time/real_time",323,0.00209694,0.0170465,s,,30520.7,,,
"Par System solve (#platforms, #leg parts, #threads, block size)/16/8/16/56/process_time/real_time",197,0.00360624,0.033966,s,,35494.1,,,
"Par System solve (#platforms, #leg parts, #threads, block size)/24/8/16/56/process_time/real_time",148,0.00470703,0.0492747,s,,40790.1,,,
"Par System solve (#platforms, #leg parts, #threads, block size)/48/8/16/56/process_time/real_time",97,0.00738117,0.0938917,s,,52024.3,,,
"Par System solve (#platforms, #leg parts, #threads, block size)/4/16/16/56/process_time/real_time",89,0.00766069,0.0393982,s,,8354.34,,,
"Par System solve (#platforms, #leg parts, #threads, block size)/8/16/16/56/process_time/real_time",65,0.0102696,0.0819563,s,,12463.9,,,
"Par System solve (#platforms, #leg parts, #threads, block size)/16/16/16/56/process_time/real_time",37,0.0187461,0.168572,s,,13656.2,,,
"Par System solve (#platforms, #leg parts, #threads, block size)/24/16/16/56/process_time/real_time",28,0.0243103,0.2493,s,,15795.7,,,
"Par System solve (#platforms, #leg parts, #threads, block size)/48/16/16/56/process_time/real_time",18,0.0406123,0.509483,s,,18910.5,,,
"Par System solve (#platforms, #leg parts, #threads, block size)/4/32/16/56/process_time/real_time",13,0.0511413,0.240317,s,,2502.87,,,
"Par System solve (#platforms, #leg parts, #threads, block size)/8/32/16/56/process_time/real_time",13,0.0598848,0.506792,s,,4274.88,,,
"Par System solve (#platforms, #leg parts, #threads, block size)/16/32/16/56/process_time/real_time",6,0.121787,1.0959,s,,4204.06,,,
"Par System solve (#platforms, #leg parts, #threads, block size)/24/32/16/56/process_time/real_time",5,0.167941,1.63915,s,,4573.04,,,
"Par System solve (#platforms, #leg parts, #threads, block size)/48/32/16/56/process_time/real_time",3,0.275484,3.34693,s,,5575.64,,,
"Par System solve (#platforms, #leg parts, #threads, block size)/4/64/16/56/process_time/real_time",2,0.353879,1.63548,s,,723.41,,,
"Par System solve (#platforms, #leg parts, #threads, block size)/8/64/16/56/process_time/real_time",2,0.420141,3.54286,s,,1218.64,,,
"Par System solve (#platforms, #leg parts, #threads, block size)/16/64/16/56/process_time/real_time",1,0.918175,9.06412,s,,1115.26,,,
"Par System solve (#platforms, #leg parts, #threads, block size)/24/64/16/56/process_time/real_time",1,1.26998,13.3799,s,,1209.47,,,
"Par System solve (#platforms, #leg parts, #threads, block size)/48/64/16/56/process_time/real_time",1,2.26363,26.3774,s,,1357.11,,,
"Par System solve (#platforms, #leg parts, #threads, block size)/4/128/16/56/process_time/real_time",1,3.0196,13.1185,s,,169.559,,,
"Par System solve (#platforms, #leg parts, #threads, block size)/8/128/16/56/process_time/real_time",1,3.82269,32.2628,s,,267.874,,,
"Par System solve (#platforms, #leg parts, #threads, block size)/16/128/16/56/process_time/real_time",1,10.0115,109.604,s,,204.566,,,
"Par System solve (#platforms, #leg parts, #threads, block size)/24/128/16/56/process_time/real_time",1,14.6929,166.157,s,,209.081,,,
"Par System solve (#platforms, #leg parts, #threads, block size)/48/128/16/56/process_time/real_time",1,26.3766,382.498,s,,232.934,,,
"Par System solve (#platforms, #leg parts, #threads, block size)/4/2/24/56/process_time/real_time",3652,0.000186617,0.00209894,s,,42868.5,,,
"Par System solve (#platforms, #leg parts, #threads, block size)/8/2/24/56/process_time/real_time",2826,0.000254038,0.00289068,s,,62982.7,,,
"Par System solve (#platforms, #leg parts, #threads, block size)/16/2/24/56/process_time/real_time",2318,0.000305785,0.00388557,s,,104649,,,
"Par System solve (#platforms, #leg parts, #threads, block size)/24/2/24/56/process_time/real_time",2056,0.000340898,0.00487866,s,,140805,,,
"Par System solve (#platforms, #leg parts, #threads, block size)/48/2/24/56/process_time/real_time",1462,0.000468176,0.00878647,s,,205051,,,
"Par System solve (#platforms, #leg parts, #threads, block size)/4/4/24/56/process_time/real_time",1604,0.000433089,0.00347863,s,,36943.9,,,
"Par System solve (#platforms, #leg parts, #threads, block size)/8/4/24/56/process_time/real_time",1283,0.000557836,0.00539235,s,,57364.5,,,
"Par System solve (#platforms, #leg parts, #threads, block size)/16/4/24/56/process_time/real_time",940,0.000752007,0.0102652,s,,85105.6,,,
"Par System solve (#platforms, #leg parts, #threads, block size)/24/4/24/56/process_time/real_time",697,0.00100871,0.0146561,s,,95171.2,,,
"Par System solve (#platforms, #leg parts, #threads, block size)/48/4/24/56/process_time/real_time",450,0.0015628,0.027328,s,,122856,,,
"Par System solve (#platforms, #leg parts, #threads, block size)/4/8/24/56/process_time/real_time",464,0.00153611,0.00936858,s,,20831.8,,,
"Par System solve (#platforms, #leg parts, #threads, block size)/8/8/24/56/process_time/real_time",336,0.00207935,0.0195289,s,,30778.9,,,
"Par System solve (#platforms, #leg parts, #threads, block size)/16/8/24/56/process_time/real_time",226,0.00309705,0.0397655,s,,41329.6,,,
"Par System solve (#platforms, #leg parts, #threads, block size)/24/8/24/56/process_time/real_time",160,0.00428528,0.0597947,s,,44804.5,,,
"Par System solve (#platforms, #leg parts, #threads, block size)/48/8/24/56/process_time/real_time",108,0.00687011,0.117214,s,,55894.3,,,
"Par System solve (#platforms, #leg parts, #threads, block size)/4/16/24/56/process_time/real_time",87,0.00787941,0.0450509,s,,8122.44,,,
"Par System solve (#platforms, #leg parts, #threads, block size)/8/16/24/56/process_time/real_time",69,0.0103745,0.0927745,s,,12337.9,,,
"Par System solve (#platforms, #leg parts, #threads, block size)/16/16/24/56/process_time/real_time",48,0.0155966,0.200739,s,,16413.9,,,
"Par System solve (#platforms, #leg parts, #threads, block size)/24/16/24/56/process_time/real_time",32,0.0218576,0.308408,s,,17568.3,,,
"Par System solve (#platforms, #leg parts, #threads, block size)/48/16/24/56/process_time/real_time",19,0.0371444,0.648057,s,,20676.1,,,
"Par System solve (#platforms, #leg parts, #threads, block size)/4/32/24/56/process_time/real_time",14,0.0507622,0.256017,s,,2521.56,,,
"Par System solve (#platforms, #leg parts, #threads, block size)/8/32/24/56/process_time/real_time",12,0.0626521,0.548741,s,,4086.06,,,
"Par System solve (#platforms, #leg parts, #threads, block size)/16/32/24/56/process_time/real_time",9,0.0943159,1.26298,s,,5428.56,,,
"Par System solve (#platforms, #leg parts, #threads, block size)/24/32/24/56/process_time/real_time",5,0.145714,1.92914,s,,5270.6,,,
"Par System solve (#platforms, #leg parts, #threads, block size)/48/32/24/56/process_time/real_time",3,0.240111,4.25933,s,,6397.04,,,
"Par System solve (#platforms, #leg parts, #threads, block size)/4/64/24/56/process_time/real_time",2,0.352091,1.70372,s,,727.084,,,
"Par System solve (#platforms, #leg parts, #threads, block size)/8/64/24/56/process_time/real_time",2,0.43204,3.80013,s,,1185.07,,,
"Par System solve (#platforms, #leg parts, #threads, block size)/16/64/24/56/process_time/real_time",1,0.638529,9.87829,s,,1603.69,,,
"Par System solve (#platforms, #leg parts, #threads, block size)/24/64/24/56/process_time/real_time",1,1.25361,21.9189,s,,1225.26,,,
"Par System solve (#platforms, #leg parts, #threads, block size)/48/64/24/56/process_time/real_time",1,2.63064,47.1413,s,,1167.78,,,
"Par System solve (#platforms, #leg parts, #threads, block size)/4/128/24/56/process_time/real_time",1,2.8735,13.1512,s,,178.18,,,
"Par System solve (#platforms, #leg parts, #threads, block size)/8/128/24/56/process_time/real_time",1,3.79719,32.6202,s,,269.673,,,
"Par System solve (#platforms, #leg parts, #threads, block size)/16/128/24/56/process_time/real_time",1,8.43657,140.001,s,,242.753,,,
"Par System solve (#platforms, #leg parts, #threads, block size)/24/128/24/56/process_time/real_time",1,14.5777,263.444,s,,210.732,,,
"Par System solve (#platforms, #leg parts, #threads, block size)/48/128/24/56/process_time/real_time",1,28.2135,593.348,s,,217.768,,,
"Par System solve (#platforms, #leg parts, #threads, block size)/4/2/4/70/process_time/real_time",7201,9.6634e-05,0.000399719,s,,82786.6,,,
"Par System solve (#platforms, #leg parts, #threads, block size)/8/2/4/70/process_time/real_time",3882,0.000180849,0.0007352,s,,88471.4,,,
"Par System solve (#platforms, #leg parts, #threads, block size)/16/2/4/70/process_time/real_time",1971,0.000349082,0.00141912,s,,91668.9,,,
"Par System solve (#platforms, #leg parts, #threads, block size)/24/2/4/70/process_time/real_time",1342,0.000524454,0.00213017,s,,91523.8,,,
"Par System solve (#platforms, #leg parts, #threads, block size)/48/2/4/70/process_time/real_time",695,0.00101457,0.00412382,s,,94621.7,,,
"Par System solve (#platforms, #leg parts, #threads, block size)/4/4/4/70/process_time/real_time",2095,0.00033907,0.00137321,s,,47187.9,,,
"Par System solve (#platforms, #leg parts, #threads, block size)/8/4/4/70/process_time/real_time",1070,0.000702261,0.00284909,s,,45567.1,,,
"Par System solve (#platforms, #leg parts, #threads, block size)/16/4/4/70/process_time/real_time",544,0.00129542,0.00527316,s,,49404.7,,,
"Par System solve (#platforms, #leg parts, #threads, block size)/24/4/4/70/process_time/real_time",367,0.00189162,0.00783738,s,,50750.2,,,
"Par System solve (#platforms, #leg parts, #threads, block size)/48/4/4/70/process_time/real_time",185,0.00378767,0.0156061,s,,50690.8,,,
"Par System solve (#platforms, #leg parts, #threads, block size)/4/8/4/70/process_time/real_time",374,0.00185436,0.00629411,s,,17256.7,,,
"Par System solve (#platforms, #leg parts, #threads, block size)/8/8/4/70/process_time/real_time",205,0.00327051,0.0121393,s,,19568.8,,,
"Par System solve (#platforms, #leg parts, #threads, block size)/16/8/4/70/process_time/real_time",117,0.00598516,0.0239607,s,,21386.2,,,
"Par System solve (#platforms, #leg parts, #threads, block size)/24/8/4/70/process_time/real_time",79,0.00903483,0.0364768,s,,21251.1,,,
"Par System solve (#platforms, #leg parts, #threads, block size)/48/8/4/70/process_time/real_time",40,0.0176745,0.0727126,s,,21726.2,,,
"Par System solve (#platforms, #leg parts, #threads, block size)/4/16/4/70/process_time/real_time",60,0.00937433,0.0337094,s,,6827.15,,,
"Par System solve (#platforms, #leg parts, #threads, block size)/8/16/4/70/process_time/real_time",38,0.0185779,0.0667304,s,,6889.9,,,
"Par System solve (#platforms, #leg parts, #threads, block size)/16/16/4/70/process_time/real_time",20,0.0335637,0.133862,s,,7627.3,,,
"Par System solve (#platforms, #leg parts, #threads, block size)/24/16/4/70/process_time/real_time",10,0.051488,0.200803,s,,7458.05,,,
"Par System solve (#platforms, #leg parts, #threads, block size)/48/16/4/70/process_time/real_time",7,0.0963251,0.398381,s,,7973,,,
"Par System solve (#platforms, #leg parts, #threads, block size)/4/32/4/70/process_time/real_time",12,0.06399,0.221899,s,,2000.31,,,
"Par System solve (#platforms, #leg parts, #threads, block size)/8/32/4/70/process_time/real_time",6,0.122405,0.447996,s,,2091.42,,,
"Par System solve (#platforms, #leg parts, #threads, block size)/16/32/4/70/process_time/real_time",3,0.207966,0.873383,s,,2461.94,,,
"Par System solve (#platforms, #leg parts, #threads, block size)/24/32/4/70/process_time/real_time",2,0.328909,1.30062,s,,2334.99,,,
"Par System solve (#platforms, #leg parts, #threads, block size)/48/32/4/70/process_time/real_time",1,0.643961,2.64683,s,,2385.24,,,
"Par System solve (#platforms, #leg parts, #threads, block size)/4/64/4/70/process_time/real_time",2,0.382506,1.57731,s,,669.271,,,
"Par System solve (#platforms, #leg parts, #threads, block size)/8/64/4/70/process_time/real_time",1,0.801755,3.25199,s,,638.599,,,
"Par System solve (#platforms, #leg parts, #threads, block size)/16/64/4/70/process_time/real_time",1,1.56486,6.38423,s,,654.373,,,
"Par System solve (#platforms, #leg parts, #threads, block size)/24/64/4/70/process_time/real_time",1,2.34614,9.68402,s,,654.693,,,
"Par System solve (#platforms, #leg parts, #threads, block size)/48/64/4/70/process_time/real_time",1,4.75711,19.3686,s,,645.77,,,
"Par System solve (#platforms, #leg parts, #threads, block size)/4/128/4/70/process_time/real_time",1,3.11182,12.5861,s,,164.534,,,
"Par System solve (#platforms, #leg parts, #threads, block size)/8/128/4/70/process_time/real_time",1,8.73985,25.0331,s,,117.164,,,
"Par System solve (#platforms, #leg parts, #threads, block size)/16/128/4/70/process_time/real_time",1,12.2227,50.5769,s,,167.557,,,
"Par System solve (#platforms, #leg parts, #threads, block size)/24/128/4/70/process_time/real_time",1,18.5833,76.1174,s,,165.31,,,
"Par System solve (#platforms, #leg parts, #threads, block size)/48/128/4/70/process_time/real_time",1,36.9216,153.329,s,,166.407,,,
"Par System solve (#platforms, #leg parts, #threads, block size)/4/2/8/70/process_time/real_time",4464,0.000161804,0.000854877,s,,49442.5,,,
"Par System solve (#platforms, #leg parts, #threads, block size)/8/2/8/70/process_time/real_time",5096,0.000143845,0.00102982,s,,111231,,,
"Par System solve (#platforms, #leg parts, #threads, block size)/16/2/8/70/process_time/real_time",3295,0.000207205,0.00166734,s,,154436,,,
"Par System solve (#platforms, #leg parts, #threads, block size)/24/2/8/70/process_time/real_time",2294,0.00030394,0.0024378,s,,157926,,,
"Par System solve (#platforms, #leg parts, #threads, block size)/48/2/8/70/process_time/real_time",1198,0.000580524,0.00465323,s,,165368,,,
"Par System solve (#platforms, #leg parts, #threads, block size)/4/4/8/70/process_time/real_time",1589,0.000429691,0.00187023,s,,37236.1,,,
"Par System solve (#platforms, #leg parts, #threads, block size)/8/4/8/70/process_time/real_time",1000,0.00051167,0.00344748,s,,62540.3,,,
"Par System solve (#platforms, #leg parts, #threads, block size)/16/4/8/70/process_time/real_time",846,0.000836454,0.00604731,s,,76513.4,,,
"Par System solve (#platforms, #leg parts, #threads, block size)/24/4/8/70/process_time/real_time",593,0.00115921,0.00869049,s,,82814.7,,,
"Par System solve (#platforms, #leg parts, #threads, block size)/48/4/8/70/process_time/real_time",326,0.00213108,0.0166102,s,,90095.3,,,
"Par System solve (#platforms, #leg parts, #threads, block size)/4/8/8/70/process_time/real_time",433,0.00157236,0.00739068,s,,20351.6,,,
"Par System solve (#platforms, #leg parts, #threads, block size)/8/8/8/70/process_time/real_time",260,0.00278469,0.0147243,s,,22982.8,,,
"Par System solve (#platforms, #leg parts, #threads, block size)/16/8/8/70/process_time/real_time",159,0.00435093,0.0273653,s,,29419,,,
"Par System solve (#platforms, #leg parts, #threads, block size)/24/8/8/70/process_time/real_time",113,0.00591471,0.0395955,s,,32461.5,,,
"Par System solve (#platforms, #leg parts, #threads, block size)/48/8/8/70/process_time/real_time",68,0.0103234,0.0771881,s,,37197.2,,,
"Par System solve (#platforms, #leg parts, #threads, block size)/4/16/8/70/process_time/real_time",88,0.00810035,0.0367005,s,,7900.89,,,
"Par System solve (#platforms, #leg parts, #threads, block size)/8/16/8/70/process_time/real_time",47,0.0138647,0.0726681,s,,9232.07,,,
"Par System solve (#platforms, #leg parts, #threads, block size)/16/16/8/70/process_time/real_time",27,0.024282,0.143722,s,,10542.8,,,
"Par System solve (#platforms, #leg parts, #threads, block size)/24/16/8/70/process_time/real_time",21,0.0311706,0.212153,s,,12319.3,,,
"Par System solve (#platforms, #leg parts, #threads, block size)/48/16/8/70/process_time/real_time",12,0.0590589,0.428845,s,,13004,,,
"Par System solve (#platforms, #leg parts, #threads, block size)/4/32/8/70/process_time/real_time",13,0.052298,0.226744,s,,2447.51,,,
"Par System solve (#platforms, #leg parts, #threads, block size)/8/32/8/70/process_time/real_time",7,0.0812208,0.471029,s,,3151.9,,,
"Par System solve (#platforms, #leg parts, #threads, block size)/16/32/8/70/process_time/real_time",4,0.164995,0.946016,s,,3103.12,,,
"Par System solve (#platforms, #leg parts, #threads, block size)/24/32/8/70/process_time/real_time",3,0.203141,1.42378,s,,3780.62,,,
"Par System solve (#platforms, #leg parts, #threads, block size)/48/32/8/70/process_time/real_time",2,0.401844,2.9394,s,,3822.38,,,
"Par System solve (#platforms, #leg parts, #threads, block size)/4/64/8/70/process_time/real_time",2,0.394726,1.64255,s,,648.552,,,
"Par System solve (#platforms, #leg parts, #threads, block size)/8/64/8/70/process_time/real_time",1,0.711887,3.19174,s,,719.215,,,
"Par System solve (#platforms, #leg parts, #threads, block size)/16/64/8/70/process_time/real_time",1,1.14454,6.91919,s,,894.684,,,
"Par System solve (#platforms, #leg parts, #threads, block size)/24/64/8/70/process_time/real_time",1,1.38054,10.6326,s,,1112.61,,,
"Par System solve (#platforms, #leg parts, #threads, block size)/48/64/8/70/process_time/real_time",1,2.74545,21.4907,s,,1118.94,,,
"Par System solve (#platforms, #leg parts, #threads, block size)/4/128/8/70/process_time/real_time",1,3.10913,13.3748,s,,164.676,,,
"Par System solve (#platforms, #leg parts, #threads, block size)/8/128/8/70/process_time/real_time",1,3.95636,33.5285,s,,258.824,,,
"Par System solve (#platforms, #leg parts, #threads, block size)/16/128/8/70/process_time/real_time",1,9.97784,62.3516,s,,205.255,,,
"Par System solve (#platforms, #leg parts, #threads, block size)/24/128/8/70/process_time/real_time",1,13.8541,92.1997,s,,221.739,,,
"Par System solve (#platforms, #leg parts, #threads, block size)/48/128/8/70/process_time/real_time",1,25.3616,186.108,s,,242.256,,,
"Par System solve (#platforms, #leg parts, #threads, block size)/4/2/16/70/process_time/real_time",3921,0.000178568,0.00151362,s,,44800.9,,,
"Par System solve (#platforms, #leg parts, #threads, block size)/8/2/16/70/process_time/real_time",3007,0.000234265,0.0019682,s,,68298.7,,,
"Par System solve (#platforms, #leg parts, #threads, block size)/16/2/16/70/process_time/real_time",2471,0.000283801,0.00279883,s,,112755,,,
"Par System solve (#platforms, #leg parts, #threads, block size)/24/2/16/70/process_time/real_time",2271,0.00030144,0.00382278,s,,159236,,,
"Par System solve (#platforms, #leg parts, #threads, block size)/48/2/16/70/process_time/real_time",1506,0.00045663,0.00647718,s,,210236,,,
"Par System solve (#platforms, #leg parts, #threads, block size)/4/4/16/70/process_time/real_time",1736,0.000402871,0.00246673,s,,39714.9,,,
"Par System solve (#platforms, #leg parts, #threads, block size)/8/4/16/70/process_time/real_time",1345,0.000521463,0.00414539,s,,61365.9,,,
"Par System solve (#platforms, #leg parts, #threads, block size)/16/4/16/70/process_time/real_time",1040,0.000675307,0.0081796,s,,94771.8,,,
"Par System solve (#platforms, #leg parts, #threads, block size)/24/4/16/70/process_time/real_time",803,0.000882274,0.0113249,s,,108810,,,
"Par System solve (#platforms, #leg parts, #threads, block size)/48/4/16/70/process_time/real_time",490,0.00144693,0.0209273,s,,132695,,,
"Par System solve (#platforms, #leg parts, #threads, block size)/4/8/16/70/process_time/real_time",455,0.00152959,0.00800711,s,,20920.6,,,
"Par System solve (#platforms, #leg parts, #threads, block size)/8/8/16/70/process_time/real_time",351,0.00199646,0.0170919,s,,32056.8,,,
"Par System solve (#platforms, #leg parts, #threads, block size)/16/8/16/70/process_time/real_time",201,0.00350164,0.0341155,s,,36554.3,,,
"Par System solve (#platforms, #leg parts, #threads, block size)/24/8/16/70/process_time/real_time",155,0.00458753,0.0494213,s,,41852.6,,,
"Par System solve (#platforms, #leg parts, #threads, block size)/48/8/16/70/process_time/real_time",96,0.00726784,0.0933444,s,,52835.5,,,
"Par System solve (#platforms, #leg parts, #threads, block size)/4/16/16/70/process_time/real_time",88,0.00789414,0.0407816,s,,8107.28,,,
"Par System solve (#platforms, #leg parts, #threads, block size)/8/16/16/70/process_time/real_time",72,0.0108276,0.0841092,s,,11821.6,,,
"Par System solve (#platforms, #leg parts, #threads, block size)/16/16/16/70/process_time/real_time",43,0.018249,0.168985,s,,14028.1,,,
"Par System solve (#platforms, #leg parts, #threads, block size)/24/16/16/70/process_time/real_time",27,0.0249542,0.251158,s,,15388.2,,,
"Par System solve (#platforms, #leg parts, #threads, block size)/48/16/16/70/process_time/real_time",17,0.0414949,0.513179,s,,18508.3,,,
"Par System solve (#platforms, #leg parts, #threads, block size)/4/32/16/70/process_time/real_time",14,0.0501374,0.241405,s,,2552.98,,,
"Par System solve (#platforms, #leg parts, #threads, block size)/8/32/16/70/process_time/real_time",13,0.0654243,0.510467,s,,3912.92,,,
"Par System solve (#platforms, #leg parts, #threads, block size)/16/32/16/70/process_time/real_time",6,0.124686,1.12177,s,,4106.31,,,
"Par System solve (#platforms, #leg parts, #threads, block size)/24/32/16/70/process_time/real_time",5,0.157429,1.72318,s,,4878.39,,,
"Par System solve (#platforms, #leg parts, #threads, block size)/48/32/16/70/process_time/real_time",2,0.271688,3.32696,s,,5653.54,,,
"Par System solve (#platforms, #leg parts, #threads, block size)/4/64/16/70/process_time/real_time",2,0.410973,1.75772,s,,622.911,,,
"Par System solve (#platforms, #leg parts, #threads, block size)/8/64/16/70/process_time/real_time",2,0.449816,3.63348,s,,1138.24,,,
"Par System solve (#platforms, #leg parts, #threads, block size)/16/64/16/70/process_time/real_time",1,0.841436,8.05499,s,,1216.97,,,
"Par System solve (#platforms, #leg parts, #threads, block size)/24/64/16/70/process_time/real_time",1,1.11659,13.9213,s,,1375.62,,,
"Par System solve (#platforms, #leg parts, #threads, block size)/48/64/16/70/process_time/real_time",1,2.14227,27.2251,s,,1434,,,
"Par System solve (#platforms, #leg parts, #threads, block size)/4/128/16/70/process_time/real_time",1,3.0724,13.1702,s,,166.645,,,
"Par System solve (#platforms, #leg parts, #threads, block size)/8/128/16/70/process_time/real_time",1,3.77474,32.0393,s,,271.277,,,
"Par System solve (#platforms, #leg parts, #threads, block size)/16/128/16/70/process_time/real_time",1,10.1518,123.023,s,,201.737,,,
"Par System solve (#platforms, #leg parts, #threads, block size)/24/128/16/70/process_time/real_time",1,17.1217,158.813,s,,179.421,,,
"Par System solve (#platforms, #leg parts, #threads, block size)/48/128/16/70/process_time/real_time",1,26.4638,395.04,s,,232.166,,,
"Par System solve (#platforms, #leg parts, #threads, block size)/4/2/24/70/process_time/real_time",3655,0.000188751,0.00209683,s,,42383.8,,,
"Par System solve (#platforms, #leg parts, #threads, block size)/8/2/24/70/process_time/real_time",2663,0.000263203,0.00287314,s,,60789.6,,,
"Par System solve (#platforms, #leg parts, #threads, block size)/16/2/24/70/process_time/real_time",2196,0.000324672,0.00384088,s,,98561.1,,,
"Par System solve (#platforms, #leg parts, #threads, block size)/24/2/24/70/process_time/real_time",1916,0.000361638,0.00486771,s,,132729,,,
"Par System solve (#platforms, #leg parts, #threads, block size)/48/2/24/70/process_time/real_time",1402,0.000505572,0.00882328,s,,189884,,,
"Par System solve (#platforms, #leg parts, #threads, block size)/4/4/24/70/process_time/real_time",1514,0.000432978,0.0030519,s,,36953.4,,,
"Par System solve (#platforms, #leg parts, #threads, block size)/8/4/24/70/process_time/real_time",1173,0.000583519,0.00518636,s,,54839.6,,,
"Par System solve (#platforms, #leg parts, #threads, block size)/16/4/24/70/process_time/real_time",968,0.000729604,0.00951183,s,,87718.8,,,
"Par System solve (#platforms, #leg parts, #threads, block size)/24/4/24/70/process_time/real_time",833,0.000836655,0.0153199,s,,114743,,,
"Par System solve (#platforms, #leg parts, #threads, block size)/48/4/24/70/process_time/real_time",518,0.001335,0.0275939,s,,143820,,,
"Par System solve (#platforms, #leg parts, #threads, block size)/4/8/24/70/process_time/real_time",448,0.00153349,0.00893207,s,,20867.4,,,
"Par System solve (#platforms, #leg parts, #threads, block size)/8/8/24/70/process_time/real_time",341,0.00204173,0.0187025,s,,31345.9,,,
"Par System solve (#platforms, #leg parts, #threads, block size)/16/8/24/70/process_time/real_time",246,0.00291293,0.0404247,s,,43942.1,,,
"Par System solve (#platforms, #leg parts, #threads, block size)/24/8/24/70/process_time/real_time",176,0.00402969,0.0606102,s,,47646.3,,,
"Par System solve (#platforms, #leg parts, #threads, block size)/48/8/24/70/process_time/real_time",100,0.00665924,0.117135,s,,57664.2,,,
"Par System solve (#platforms, #leg parts, #threads, block size)/4/16/24/70/process_time/real_time",91,0.00769863,0.0421449,s,,8313.17,,,
"Par System solve (#platforms, #leg parts, #threads, block size)/8/16/24/70/process_time/real_time",70,0.00975955,0.0908249,s,,13115.4,,,
"Par System solve (#platforms, #leg parts, #threads, block size)/16/16/24/70/process_time/real_time",47,0.0147803,0.202938,s,,17320.3,,,
"Par System solve (#platforms, #leg parts, #threads, block size)/24/16/24/70/process_time/real_time",34,0.0208212,0.309183,s,,18442.8,,,
"Par System solve (#platforms, #leg parts, #threads, block size)/48/16/24/70/process_time/real_time",21,0.0361866,0.660529,s,,21223.3,,,
"Par System solve (#platforms, #leg parts, #threads, block size)/4/32/24/70/process_time/real_time",15,0.0475049,0.253492,s,,2694.46,,,
"Par System solve (#platforms, #leg parts, #threads, block size)/8/32/24/70/process_time/real_time",11,0.0575352,0.537977,s,,4449.45,,,
"Par System solve (#platforms, #leg parts, #threads, block size)/16/32/24/70/process_time/real_time",9,0.102299,1.2549,s,,5004.93,,,
"Par System solve (#platforms, #leg parts, #threads, block size)/24/32/24/70/process_time/real_time",4,0.140888,2.00223,s,,5451.16,,,
"Par System solve (#platforms, #leg parts, #threads, block size)/48/32/24/70/process_time/real_time",3,0.241053,4.27125,s,,6372.03,,,
"Par System solve (#platforms, #leg parts, #threads, block size)/4/64/24/70/process_time/real_time",2,0.40897,1.83027,s,,625.963,,,
"Par System solve (#platforms, #leg parts, #threads, block size)/8/64/24/70/process_time/real_time",2,0.472632,3.94883,s,,1083.29,,,
"Par System solve (#platforms, #leg parts, #threads, block size)/16/64/24/70/process_time/real_time",1,0.881162,9.38472,s,,1162.1,,,
"Par System solve (#platforms, #leg parts, #threads, block size)/24/64/24/70/process_time/real_time",1,1.36386,23.2456,s,,1126.22,,,
"Par System solve (#platforms, #leg parts, #threads, block size)/48/64/24/70/process_time/real_time",1,2.39009,48.6219,s,,1285.31,,,
"Par System solve (#platforms, #leg parts, #threads, block size)/4/128/24/70/process_time/real_time",1,2.90823,13.1411,s,,176.052,,,
"Par System solve (#platforms, #leg parts, #threads, block size)/8/128/24/70/process_time/real_time",1,4.08195,32.8647,s,,250.86,,,
"Par System solve (#platforms, #leg parts, #threads, block size)/16/128/24/70/process_time/real_time",1,8.43807,141.936,s,,242.709,,,
"Par System solve (#platforms, #leg parts, #threads, block size)/24/128/24/70/process_time/real_time",1,13.6073,327.107,s,,225.761,,,
"Par System solve (#platforms, #leg parts, #threads, block size)/48/128/24/70/process_time/real_time",1,32.4814,572.024,s,,189.155,,,
